source_id,ra,ra_error,dec,dec_error,pmra,pmra_error,pmdec,pmdec_error,parallax,parallax_error,phot_g_mean_mag,phot_bp_mean_mag,phot_rp_mean_mag,dist,dist_error,pm_scalar,pm_scalar_error,rad_v,rad_v_error,finra,findec,findist,tang_v,true_v,radial_velocity
1.47E+17,71.13217219,0.060269014,23.94087573,0.037630006,86.2421176,0.137844241,-48.78190896,0.06174104,19.50305719,0.069707447,14.229694,15.885799,12.980967,51.2740126,14345.66964,0.09908268,0.020576426,38.76632312,0.207700006,95.08831596,10.39034547,90.89455166,24.08093762,45.63682028,38.76632312
3.31E+18,69.29167921,0.051894644,12.10546294,0.030483163,88.81570896,0.150398806,-10.68480012,0.06629062,19.53295959,0.068842902,14.828397,16.61688,13.542532,51.1955188,14525.82575,0.089456107,0.071891618,34.94632439,0.803660159,93.96270947,9.137462903,86.91188544,21.70802361,41.13980891,34.94632439
4.94E+16,65.12287349,0.532370788,21.37855099,0.279435674,98.76676017,1.144194459,-38.34870305,0.830481375,19.54707039,0.559559278,14.079307,15.77934,12.810906,51.15856135,1787.120757,0.105950441,0.231806248,41.3600116,2.188061579,92.55808465,10.72613348,93.42994081,25.69208992,48.69018427,41.3600116
3.31E+18,66.59088957,0.083478772,18.00015736,0.037766424,98.2364427,0.191569796,-29.8888293,0.109601547,19.55151663,0.083373032,14.327611,16.150867,13.030619,51.14692732,11994.28607,0.102682719,0.040447476,40.0752711,0.393930412,93.87879032,9.697704781,92.10525702,24.89403239,47.17775114,40.0752711
3.31E+18,66.06452807,0.079852156,12.24723667,0.050285392,99.62937804,0.176871946,-12.6902432,0.1104037,19.61874767,0.093274176,14.697147,16.387405,13.437341,50.97165307,10721.08104,0.100434333,0.088407764,39.06343937,0.88026725,93.7393553,8.722169111,90.89585532,24.26550085,45.98659399,39.06343937
1.46E+17,67.65957798,0.094586799,22.90782074,0.055212672,90.27954153,0.239651219,-43.73094707,0.15604438,19.63363484,0.099372849,11.917909,13.212552,10.805022,50.9330039,10063.11091,0.100313465,0.044334902,38.9868444,0.441992599,92.73722841,10.76033544,90.77892341,24.21792144,45.89642421,38.9868444
1.47E+17,71.98250298,0.052225587,25.57952618,0.032894993,81.90589263,0.107043758,-53.9491033,0.054848906,19.63761348,0.058242129,13.516589,15.039906,12.310712,50.92268472,17169.70195,0.098076914,0.016882606,38.10988545,0.172161945,94.73413982,10.59366415,89.87232149,23.67317043,44.86404314,38.10988545
3.31E+18,71.30516846,0.245376292,14.72397771,0.123906597,82.14463406,0.712735048,-22.29628951,0.328529463,19.66579374,0.361116611,18.641272,20.817005,17.059103,50.84971464,2769.188595,0.085116775,0.200895306,33.0265525,2.360303068,94.12312237,8.530563962,84.60400723,20.5154961,38.87979874,33.0265525
3.31E+18,68.96610843,0.119770047,12.25550603,0.07044813,91.54339777,0.321045395,-13.35666168,0.147666334,19.74561407,0.160604434,17.517954,20.022043,16.037298,50.64415805,6226.478171,0.09251267,0.125372506,35.7511594,1.355217224,94.39483004,8.545322227,87.18309425,22.20797254,42.08728363,35.7511594
4.78E+16,65.11559002,0.066225054,18.89706026,0.029350103,104.3882002,0.133407493,-32.42771317,0.09534035,19.75894279,0.071092628,14.011936,15.58325,12.7943125,50.60999522,14066.15606,0.109308979,0.029328211,42.21353241,0.268329725,94.11231231,9.889362154,93.75370281,26.22228158,49.69497328,42.21353241
3.29E+18,67.03373088,0.046459232,7.945772492,0.031735369,98.78237045,0.096830989,1.039156358,0.070781435,19.77768075,0.054261394,13.77343,15.28358,12.575849,50.56204581,18429.30893,0.098787836,0.689572546,38.11427565,6.980339142,94.47327822,8.234427036,89.51616952,23.67589754,44.86921141,38.11427565
3.41E+18,72.40278244,0.066047155,17.03294444,0.043333451,81.40666159,0.12885879,-30.28940552,0.076313711,19.8254903,0.072896631,14.786235,16.56181,13.506605,50.44011446,13718.05507,0.086859039,0.034256238,33.4310982,0.394406011,95.01574399,8.61922069,84.60786691,20.76679255,39.35604147,33.4310982
3.29E+18,68.15815853,0.312654984,9.851815557,0.227549655,119.8259002,0.731346586,-10.82647007,0.558054308,19.88908066,0.329655146,10.833782,11.936809,9.809853,50.27884483,3033.473044,0.120314001,0.431416549,46.15949197,3.585793465,101.4431308,6.844462759,97.4554612,28.67344017,54.34026932,46.15949197
4.80E+16,66.12798967,0.337687317,18.98679288,0.174572334,108.3550484,0.708547362,-41.5228563,0.514176522,19.89345057,0.369805337,14.961833,16.840557,13.6355095,50.26780028,2704.12539,0.116038632,0.120679714,44.5094309,1.040162132,96.22661423,7.452666129,95.75799649,27.64845213,52.39777041,44.5094309
1.49E+17,65.32063886,0.065568403,23.19773296,0.037832628,103.7089782,0.16057591,-45.45086644,0.115521222,19.89966983,0.072981912,15.250086,17.058895,13.959436,50.25209004,13702.02515,0.113231327,0.026283748,43.41904697,0.232153321,94.12868836,10.57249229,94.62787571,26.97112539,51.11413938,43.41904697
3.41E+18,69.72842552,0.076204174,19.18206962,0.042076533,92.71769212,0.155358189,-34.54667642,0.092751806,19.95550199,0.079870764,12.913276,14.2808895,11.771514,50.11149309,12520.22582,0.098944648,0.03198553,37.83460543,0.323291681,95.48333999,9.585770613,88.77978405,23.50217147,44.53997566,37.83460543
1.45E+17,67.00371135,0.089853109,21.61972152,0.047903318,96.61481815,0.249330751,-42.2615396,0.14530427,19.97672659,0.116494166,5.6432056,5.798594,5.430776,50.05825131,8584.120887,0.105453596,0.040766492,40.28066452,0.38662627,93.84116083,9.880404963,91.22650027,25.02161906,47.41954613,40.28066452
1.47E+17,70.04624765,0.138919353,23.4204453,0.085074323,89.50621705,0.380909231,-45.84046466,0.203307235,19.97685404,0.162925959,17.116188,19.452784,15.648689,50.05793195,6137.757328,0.100561976,0.061122679,38.41194196,0.60786575,94.90908572,10.68698289,89.31628106,23.86080246,45.21963268,38.41194196
3.31E+18,67.6415807,0.394341807,14.74798067,0.184457458,98.93477371,1.051242223,-20.07041334,0.550215927,19.99937919,0.454693749,13.490524,14.984291,12.275436,50.00155206,2199.282489,0.100950042,0.291247702,38.51674236,2.885157255,95.12346229,9.17286585,89.36701084,23.92590257,45.3430067,38.51674236
3.31E+18,70.5522558,0.06061922,14.14750395,0.032156943,87.57055872,0.140849471,-21.28556251,0.067865779,20.04662324,0.079772257,15.03678,16.81756,13.756556,49.883713,12535.68637,0.090120352,0.039625579,34.3037196,0.439714237,94.877411,8.234847697,84.94331506,21.30884916,40.38331624,34.3037196
3.41E+18,72.36833438,0.078213561,19.2772223,0.049095025,82.45171544,0.184093666,-37.00506646,0.093124695,20.08163111,0.091267515,15.093545,16.903347,13.804331,49.79675179,10956.80096,0.090375109,0.037225308,34.34072101,0.411922873,95.27158867,8.998037172,84.89417059,21.33183376,40.42687536,34.34072101
3.41E+18,74.65935981,0.085413471,16.22226906,0.062074249,78.491964,0.200387758,-29.07216146,0.132041868,20.10404824,0.120358568,15.321011,17.349909,13.982654,49.74122564,8308.506954,0.083702921,0.062246367,31.76995916,0.743682343,96.46268315,8.146668654,82.21123585,19.73492307,37.40050125,31.76995916
1.47E+17,72.30450996,0.045833604,24.80261228,0.027831718,84.68191254,0.104146215,-53.1320931,0.05008983,20.13547627,0.054642324,9.226789,9.820434,8.514605,49.66358812,18300.83225,0.099970224,0.015500736,37.88508952,0.155077275,95.82726344,10.04369753,88.38347559,23.53353127,44.59940697,37.88508952
3.31E+18,69.81912604,0.872076856,15.91788827,0.252832539,79.34299147,0.539929138,-19.53398182,0.351521886,20.17077808,0.998885389,4.57442,4.7244544,4.494217,49.57666957,1001.115855,0.081712219,0.235449365,30.91177287,2.88187174,91.8588459,10.4917822,81.16958335,19.2018333,36.39021989,30.91177287
3.31E+18,71.81616288,0.064204502,13.55665726,0.038463904,88.55451264,0.149898282,-17.83980155,0.080224222,20.19046965,0.08286098,16.146055,17.972078,14.579246,49.52831794,12068.40667,0.090333605,0.05319127,34.13991869,0.588845776,96.41463862,8.601156835,84.42050973,21.207099,40.19048514,34.13991869
3.31E+18,67.79636319,0.06252369,16.39576593,0.027281759,98.72487966,0.112670985,-24.68677234,0.075396104,20.22976698,0.070829308,13.815214,15.35508,12.604157,49.4321067,14118.44929,0.101764623,0.032038421,38.38535045,0.314848144,95.21994088,9.538329174,88.66327835,23.8442843,45.1883284,38.38535045
3.29E+18,70.2576501,0.040863476,10.99439837,0.025125221,91.35439265,0.093680605,-10.64260447,0.049689152,20.24709753,0.050982358,13.864185,13.669195,14.108288,49.38979518,19614.62832,0.091972225,0.051974159,34.6619887,0.565112732,95.63387028,8.038119348,84.8155608,21.53139943,40.80508084,34.6619887
1.51E+17,67.40146335,0.076300313,26.5729533,0.046594272,98.03389649,0.160508587,-55.09779614,0.105297864,20.2716696,0.085258526,14.61867,16.350843,13.357017,49.32992791,11729.03221,0.112456267,0.022378007,42.33052983,0.199037419,94.63310127,11.26800992,92.59321096,26.29495825,49.83270598,42.33052983
3.41E+18,71.02830247,0.076990698,19.03534869,0.047869,88.80621586,0.203153796,-34.38241999,0.098317726,20.27694135,0.096386081,15.574697,17.468094,14.257571,49.31710274,10374.94195,0.095229695,0.038454169,35.83682351,0.403832375,95.69669576,9.484676467,85.94359066,22.26118554,42.18812986,35.83682351
3.31E+18,65.39668022,0.071722649,14.69515656,0.042991146,106.5980333,0.151460273,-19.8385242,0.112490234,20.28981925,0.07632175,14.314161,15.956227,13.073628,49.2858013,13102.42495,0.108428353,0.053912101,40.77784244,0.497228286,95.00724504,9.184455395,90.96218349,25.33045698,48.00483814,40.77784244
3.41E+18,72.84397224,0.289918853,18.83970419,0.218110187,92.08652378,0.63831948,-46.58755333,0.383126478,20.2946968,0.424414971,5.0116353,5.1586065,4.857113,49.27395614,2356.184554,0.103200426,0.104219074,38.8023907,1.010087084,98.42356217,5.898717155,88.93135752,24.10334214,45.67928005,38.8023907
3.31E+18,65.84972981,0.139980072,14.42785258,0.084952179,104.2562528,0.322148097,-22.86489571,0.211994726,20.29654946,0.150879754,13.5766535,15.257231,12.32064,49.26945843,6627.794464,0.106734107,0.091563681,40.12735848,0.857899325,94.80980003,8.076492658,90.28102326,24.92638813,47.23906988,40.12735848
3.31E+18,70.15458635,0.083084178,16.63563829,0.039803641,89.11514898,0.239263094,-26.22962975,0.081517268,20.30019152,0.117134417,16.14774,18.257908,14.770618,49.26061899,8537.200476,0.09289512,0.044210788,34.91823822,0.475956517,94.9087944,9.349630027,84.94828059,21.69057699,41.10674507,34.91823822
3.31E+18,68.9525621,0.049075346,13.28796867,0.026311578,94.68930918,0.104184302,-18.51943628,0.059131182,20.30914827,0.058395842,13.635512,15.163108,12.429826,49.23889406,17124.50681,0.096483339,0.03500278,36.25101549,0.362797144,95.25514799,8.143680818,86.28870068,22.51847409,42.67572846,36.25101549
4.80E+16,67.15465729,0.37013529,19.18027818,0.24814642,107.503038,1.036090869,-38.06607556,0.700350912,20.31296105,0.426068994,3.158721,3.923631,2.6921098,49.22965182,2347.03772,0.114043541,0.182121571,42.84074541,1.597085443,97.01661229,8.606368301,93.01439306,26.61189493,50.4333463,42.84074541
3.31E+18,70.36633435,0.432256463,14.07602045,0.374738914,95.71529574,0.923904659,-23.96712848,0.646068521,20.32097274,0.511915941,12.337408,13.66053,11.198649,49.21024268,1953.445713,0.098670366,0.29018392,37.05115965,2.941050877,96.9539165,7.41848476,87.07782463,23.01550914,43.61768096,37.05115965
3.31E+18,71.81604413,0.06956252,13.55726867,0.042309816,85.94037271,0.1591662,-17.46453124,0.086908009,20.3396704,0.087190229,16.178123,17.86938,14.701907,49.16500516,11469.17504,0.087696964,0.060546351,32.90032655,0.690417493,95.68836988,8.706009991,82.79029041,20.43708682,38.73120196,32.90032655
3.41E+18,71.51171931,0.124657647,19.46817412,0.064594994,85.41415215,0.214497756,-35.47532223,0.116879194,20.38076611,0.151325571,16.833006,19.13456,15.414164,49.06586899,6608.268472,0.092488247,0.044790719,34.62785612,0.484342441,95.23787268,9.613917942,84.45674991,21.51019689,40.76489899,34.62785612
3.41E+18,71.61353176,0.119291869,17.62647594,0.072993032,95.82750533,0.221203395,-35.28705823,0.128456973,20.40537377,0.135531607,14.598567,16.36643,13.320007,49.0066985,7378.352685,0.102118007,0.042211151,38.18715767,0.413409956,98.23228324,7.824515325,88.0353102,23.72117053,44.95501021,38.18715767
3.31E+18,65.85491461,0.093984675,16.77715111,0.048481761,107.0509299,0.202423212,-26.76956242,0.152112468,20.43408502,0.109253983,5.563784,5.72641,5.340336,48.93784081,9152.984422,0.11034723,0.054270987,41.20650666,0.491849178,95.59128403,9.341161547,91.05233284,25.59673542,48.50947387,41.20650666
3.41E+18,70.62666284,0.066834013,20.45301199,0.036308995,89.31856437,0.161361725,-37.71941549,0.059777291,20.4373891,0.063906855,12.15475,13.5468855,10.999274,48.92992911,15647.7736,0.096956486,0.024786246,36.20020379,0.255662119,95.43737516,9.975396579,85.92780439,22.48691078,42.61591147,36.20020379
1.47E+17,70.85358334,0.07613396,24.29644822,0.043560932,91.40258837,0.18061083,-52.22235016,0.071902129,20.44716322,0.074122222,12.920681,14.299714,11.76559,48.90653972,13491.23076,0.105269212,0.022878209,39.28510055,0.217360719,96.24319122,9.790239846,89.05728746,24.40319276,46.24753985,39.28510055
3.41E+18,71.54063012,0.162076834,18.95760791,0.091378991,85.84666167,0.288555386,-37.52047749,0.165303524,20.47222042,0.207963577,17.69576,20.226656,16.189205,48.84668002,4808.53434,0.093687969,0.059148591,34.9203378,0.631417752,95.38692503,8.535253048,84.53648746,21.69188121,41.10921676,34.9203378
3.31E+18,67.80305491,0.079055371,12.47726792,0.033803759,96.21623917,0.13772484,-12.66786876,0.106160538,20.48193788,0.09173512,15.410414,17.277372,14.104914,48.82350518,10900.95046,0.097046585,0.087603989,36.15503376,0.902711498,94.52978801,8.958415483,85.77521511,22.45885198,42.56273603,36.15503376
3.41E+18,72.14621507,0.064502527,18.72890758,0.040543946,86.80853841,0.124242239,-34.60505862,0.071942224,20.50394235,0.080800582,14.7424,16.538754,13.456934,48.77110863,12376.14845,0.093451765,0.027008281,34.77840794,0.289034583,96.25969797,9.116391298,84.3158588,21.60371696,40.94213289,34.77840794
3.31E+18,67.09387627,0.076776714,13.82267891,0.029611348,104.740577,0.19379498,-19.70494308,0.095163754,20.50663201,0.098684668,14.918414,16.780272,13.60749,48.7647118,10133.28636,0.106578015,0.048525333,39.65818633,0.455328834,96.18848099,8.349083614,89.29676626,24.63494689,46.68674706,39.65818633
1.47E+17,69.24265023,0.14910607,23.2771642,0.089276669,91.40431827,0.288253086,-44.78702566,0.18831604,20.53238467,0.179301075,17.235847,19.546906,15.786339,48.70354886,5577.211388,0.101787166,0.051636406,37.82798333,0.507372966,94.63273864,10.83632374,87.3650718,23.49805794,44.53217993,37.82798333
3.31E+18,68.18962262,0.052697034,12.06660851,0.023898539,96.9525153,0.105020493,-14.18606024,0.06976274,20.54999515,0.056648822,13.763806,15.309274,12.555925,48.66181197,17652.61789,0.097984869,0.051391435,36.38369919,0.524490623,95.12087687,8.126036223,85.84722597,22.6008948,42.83192748,36.38369919
3.31E+18,65.2340975,0.097951445,14.85949901,0.052618689,109.7825533,0.198803002,-21.21055367,0.141706002,20.56879221,0.110502202,15.158329,17.00952,13.859692,48.61734173,9049.593378,0.111812775,0.061906986,41.48032918,0.553692548,95.72925118,8.967678548,91.01168997,25.76682902,48.83182555,41.48032918
3.31E+18,67.2094749,0.143135524,13.04753787,0.086733171,103.8658375,0.321195527,-15.42335685,0.244714018,20.58874804,0.161404189,4.951238,5.09097,4.815411,48.57021894,6195.626069,0.105004724,0.153945512,38.91691992,1.466102732,96.06109643,8.763272081,88.34467319,24.17448562,45.81410712,38.91691992
3.41E+18,70.71263138,0.048836119,19.48701194,0.031657747,88.88463384,0.109899361,-36.30664551,0.054647919,20.59770887,0.062537036,13.733859,15.246647,12.533936,48.54908894,15990.52439,0.096013804,0.020287693,35.5692185,0.211321562,95.40280745,9.401832632,84.90207517,22.09495415,41.87309761,35.5692185
3.30E+18,71.72077185,0.035449673,12.88377407,0.020083437,88.9545525,0.090896488,-18.57466005,0.044625628,20.61960944,0.04537083,13.831421,15.412242,12.60884,48.49752383,22040.59309,0.090873156,0.028729881,33.62906052,0.316161323,96.43036977,7.724146273,82.8676007,20.88976316,39.58908834,33.62906052
5.26E+16,62.65674079,0.141013655,21.60250291,0.065614375,114.9947235,0.230197386,-40.71718896,0.173413747,20.65939445,0.161256769,16.32411,18.459776,14.937165,48.40412928,6201.290065,0.121990475,0.03857654,45.05758323,0.316322161,94.59971953,10.29217265,94.45455636,27.98895442,53.04307095,45.05758323
4.78E+16,65.05887516,0.155477954,18.70197202,0.076102229,104.7292644,0.310000346,-31.90232317,0.227404646,20.68403411,0.16565537,17.412321,19.924942,15.93593,48.34646834,6036.628937,0.109480487,0.070499386,40.38880801,0.643994563,94.15033751,9.840215581,89.62524373,25.08879584,47.54685572,40.38880801
3.30E+18,75.08111517,0.17702546,12.12609134,0.137027655,98.48618976,0.321239148,-16.99160435,0.215110794,20.72630146,0.214057328,17.885115,20.330101,16.353153,48.24787489,4671.645719,0.099941204,0.130809611,36.79445083,1.308906419,102.4383901,7.406201245,85.85309145,22.85604628,43.31547603,36.79445083
3.39E+18,74.49114491,0.05311943,14.45190133,0.041118059,78.78516935,0.10656316,-24.47165833,0.075149796,20.73384437,0.062165648,14.397709,16.078634,13.139265,48.23032246,16086.05438,0.082498273,0.040674412,30.36159485,0.493042615,96.37591417,7.654218461,79.26093506,18.86007268,35.74253465,30.36159485
3.31E+18,64.55460945,0.066400603,16.0980273,0.041728056,106.8038558,0.147786198,-23.8496477,0.11053234,20.73418006,0.076223494,14.774393,16.561111,13.488154,48.22954162,13119.31472,0.109434315,0.044197326,40.27413472,0.403887544,94.22234716,9.473125165,89.39111689,25.01756287,47.41185905,40.27413472
3.39E+18,74.88596773,0.458141688,13.08182562,0.305394025,80.35483415,1.141683019,-20.54949727,0.647767899,20.74041611,0.495633767,19.15119,20.956118,17.50408,48.21504037,2017.618789,0.08294083,0.416879845,30.51479593,5.026288724,97.206755,7.373631933,79.40222983,18.95523841,35.92288733,30.51479593
3.31E+18,71.38815776,0.184025545,15.05062609,0.113767385,83.86946712,0.415376788,-23.24059155,0.248210974,20.76967868,0.229991948,18.129725,20.740047,16.58154,48.14710981,4347.978311,0.087029952,0.135269914,31.9741147,1.554330926,94.68523196,8.594906213,80.82577412,19.8617408,37.64083897,31.9741147
1.53E+17,72.82891299,0.083507722,25.94228594,0.054787315,85.63298867,0.178831619,-57.74695442,0.09189059,20.77047905,0.096615971,15.613754,17.848635,14.22411,48.14525451,10350.25567,0.103284653,0.025420172,37.94450056,0.246161568,96.61585429,9.901465264,86.92586214,23.57043633,44.66934734,37.94450056
3.31E+18,64.6765147,0.091806007,12.51064011,0.052868314,109.8700421,0.167768419,-12.28292285,0.13632917,20.78314866,0.108551206,14.145566,15.838969,12.886623,48.11590468,9212.242217,0.110554495,0.101340316,40.59052055,0.916669748,95.19597083,9.098717099,89.60083735,25.21409602,47.78431747,40.59052055
3.41E+18,72.248687,0.323667199,15.60473929,0.206131291,90.05195633,0.700306817,-22.67887933,0.398394923,20.81699426,0.369406188,14.181833,16.002985,12.888998,48.03767478,2707.047234,0.092863806,0.206874621,34.03987963,2.227791358,97.26311932,9.305050586,82.82762316,21.14495655,40.07271631,34.03987963
1.51E+17,67.44734008,0.256565179,25.48831987,0.177323951,98.04464728,0.660510437,-52.22464739,0.453524698,20.82624125,0.317236106,18.287458,21.14559,16.745016,48.01634572,3152.226309,0.111086303,0.098939718,40.70138407,0.890786568,94.68196432,10.98147338,89.61458479,25.28296242,47.91482917,40.70138407
3.41E+18,73.99612637,0.279784978,21.66666638,0.162309384,77.28231348,0.62621201,-44.65948032,0.329474199,20.83781598,0.322091401,18.766426,21.256104,17.13095,47.9896742,3104.708777,0.089258194,0.122770816,32.68552433,1.375543946,95.46343567,9.26125518,81.39542406,20.30365557,38.47833066,32.68552433
3.41E+18,72.6791388,0.082648302,19.30404511,0.052333773,85.18946507,0.162450392,-40.23157067,0.096830323,20.86936082,0.10645592,15.481022,17.399189,14.151897,47.91713597,9393.559336,0.094211593,0.032593634,34.44726605,0.345999638,96.3428791,8.12860881,83.12344752,21.39801761,40.55230321,34.44726605
3.31E+18,69.74411994,0.106681869,15.66135051,0.055313776,93.36000883,0.263790338,-23.2392134,0.112408804,20.89446363,0.144565975,16.750904,18.993425,15.33027,47.85956787,6917.256981,0.096208899,0.058225623,35.13529295,0.605239517,95.67745573,9.206013459,83.769067,21.82540746,41.36226809,35.13529295
3.31E+18,67.16467118,0.055814745,16.96990972,0.025616178,102.6918618,0.114683102,-26.88532263,0.06810181,20.89519415,0.056655967,14.074879,13.912569,14.28804,47.85789462,17650.39166,0.106152904,0.026078454,38.76546784,0.24568374,95.69018835,9.501764543,87.47755955,24.08040633,45.63581341,38.76546784
1.47E+17,72.97271267,0.080603289,24.60988528,0.047956789,86.44522326,0.152673656,-55.10285722,0.084368187,20.9161258,0.09329272,15.845406,17.857868,14.495566,47.81000122,10718.95002,0.102513909,0.022800936,37.39909631,0.222462697,96.98527468,9.303536052,86.03318662,23.2316411,44.02728192,37.39909631
3.31E+18,69.61595116,0.126751244,16.00291286,0.063327373,98.4903104,0.37041909,-25.42492829,0.146259247,20.91725869,0.157383707,17.04982,19.359316,15.60448,47.80741181,6353.897868,0.101719065,0.067567799,37.10711183,0.664301557,96.97437071,8.940432781,85.73217885,23.05026563,43.68354947,37.10711183
3.31E+18,69.38445694,0.116712263,16.75856973,0.058454988,98.72837883,0.250838228,-29.63670602,0.149498675,20.94013371,0.142903276,14.529086,15.995663,12.802084,47.75518695,6997.740228,0.103080683,0.054792828,37.56275138,0.531596631,96.80900661,8.526151396,86.14563356,23.33330066,44.21994133,37.56275138
3.31E+18,68.03365043,0.062127814,17.66434832,0.029640031,99.60280138,0.120230295,-30.54717367,0.081340656,20.95368966,0.076016364,14.008977,15.555882,12.713557,47.72429182,13155.06223,0.104181802,0.028062628,37.93944014,0.269386526,95.70109526,9.179022302,86.49972752,23.56729289,44.66339006,37.93944014
1.45E+17,69.27171619,0.184873005,22.85712815,0.096691216,95.66894614,0.456774747,-46.24865251,0.226611379,20.9860466,0.214618542,17.346539,19.806028,15.869453,47.65070902,4659.429661,0.1062614,0.064382701,38.63709455,0.60597613,95.84642345,10.01028023,87.13917194,24.00066317,45.48468871,38.63709455
3.31E+18,69.54441639,0.057051046,15.82138664,0.02806177,97.23480115,0.135983543,-26.59290214,0.064137898,20.99969682,0.068870425,14.414691,16.086891,13.163978,47.61973511,14520.02079,0.100805699,0.027656923,36.62955326,0.274378324,96.55408338,8.434469379,85.05642057,22.75361489,43.12135391,36.62955326
3.31E+18,64.46559687,0.058126599,15.22706646,0.038381186,109.707268,0.128061822,-21.65475781,0.101188461,21.00398357,0.064394919,14.246441,15.88909,13.003492,47.6100163,15529.17548,0.111824028,0.043071243,40.62496704,0.38518204,94.93983798,9.211855959,89.13015448,25.23549355,47.82486886,40.62496704
3.31E+18,64.22746554,0.046043979,16.35680959,0.029048826,114.9707968,0.108023475,-25.65548225,0.077504195,21.00638289,0.052426176,13.207776,14.610948,12.04815,47.60457835,19074.44093,0.117798505,0.026856879,42.79056922,0.228003644,96.163798,9.230286748,91.33803776,26.58072639,50.37427746,42.79056922
3.31E+18,67.31810874,0.063334536,12.36028747,0.029657156,103.8125326,0.18321716,-11.99705594,0.088299885,21.03945087,0.072704439,13.474093,15.020579,12.264738,47.52975761,13754.31829,0.104503451,0.072426058,37.90144714,0.693058054,96.15492335,9.027771931,86.26636314,23.54369233,44.61866363,37.90144714
3.31E+18,65.33282776,0.111372618,12.04385705,0.065808614,109.2892409,0.233666898,-10.66638265,0.154596264,21.05914204,0.12924428,14.7013445,16.671482,13.372788,47.4853153,7737.286302,0.109808515,0.13341985,39.78825599,1.215038306,95.69095023,9.080972978,88.15030551,24.7157438,46.83986877,39.78825599
3.41E+18,71.18276034,0.206767998,18.40808384,0.121472055,94.20163406,0.413846411,-33.28907585,0.218739828,21.08688894,0.254451113,13.645945,15.362651,12.377262,47.4228324,3930.028005,0.099910512,0.079113295,36.15415659,0.791933495,97.34988092,9.161118322,84.37364584,22.45830709,42.5617034,36.15415659
3.31E+18,66.31934672,0.069815803,16.30223726,0.033564119,108.3855203,0.150273523,-25.93659957,0.099051074,21.1100936,0.079815009,15.028309,16.80715,13.743402,47.37070422,12528.97187,0.111445629,0.036455983,40.28398642,0.327140852,96.4264357,9.09762627,88.54234829,25.02368257,47.42345676,40.28398642
3.31E+18,67.81865014,0.103841675,15.00322561,0.047193151,101.2503235,0.190927973,-20.1089763,0.131905643,21.11796378,0.116721335,16.11734,18.257864,14.737458,47.35305024,8567.414039,0.103227898,0.066117848,37.29963687,0.640527527,95.94373999,9.417398856,85.4745846,23.16985869,43.91019542,37.29963687
3.31E+18,68.43778177,0.050913024,12.71114843,0.026135211,99.02193703,0.123724394,-14.31380496,0.071114631,21.14003417,0.061610406,14.262473,14.121614,14.436704,47.30361323,16231.02422,0.100051132,0.051203417,36.114024,0.511780791,95.94387539,8.735091495,84.21340975,22.43337745,42.51445817,36.114024
4.80E+16,66.08776089,0.072547101,19.18062044,0.037669794,107.193961,0.15503715,-37.80034761,0.113730394,21.21196773,0.076578124,15.161274,16.93341,13.878975,47.14319826,13058.55968,0.113663589,0.029369948,40.88838613,0.258418858,95.86386117,8.680523884,88.93255998,25.39912472,48.13497333,40.88838613
3.31E+18,66.46066358,0.074123468,15.00246809,0.035586749,106.6405981,0.150551878,-22.82678747,0.093805318,21.21255364,0.086163452,14.778923,16.533537,13.503306,47.14189612,11605.84881,0.109056313,0.039843453,39.22991954,0.365370098,96.08305194,8.661693796,87.23624693,24.36891531,46.18257919,39.22991954
3.31E+18,67.815481,0.201419669,10.70333217,0.082515753,105.3468381,0.578594374,-10.37626179,0.253192909,21.28462174,0.251349122,17.621529,20.120377,16.058762,46.98227727,3978.529911,0.105856616,0.236278481,37.94998681,2.23209278,97.07849157,7.821037227,85.76849204,23.57384429,44.67580591,37.94998681
3.30E+18,61.85265573,0.121063608,10.74058243,0.071312718,119.5152759,0.299564105,-7.95520997,0.170670553,21.31261665,0.135569605,16.240068,18.378872,14.879078,46.9205643,7376.28467,0.119779742,0.180329798,42.88507356,1.5055251,95.05134348,8.530801885,90.75061045,26.63943078,50.48553066,42.88507356
3.41E+18,74.86535541,0.060363574,19.34359374,0.044390119,79.46299761,0.114862165,-41.15075954,0.071823805,21.32840051,0.075819365,14.268033,15.936241,13.019988,46.88584123,13189.24254,0.089486049,0.025324886,32.0152286,0.283026064,96.9384103,7.912827203,79.60652539,19.88728001,37.68923943,32.0152286
3.31E+18,67.30192162,0.041851339,15.27380724,0.020405153,103.4380119,0.100264509,-22.13975802,0.057364626,21.33234254,0.048269527,11.552275,12.558351,10.5933895,46.87717713,20717.00431,0.105780864,0.0261522,37.83799553,0.247240329,96.0347027,9.123874452,85.5489329,23.50427734,44.54396659,37.83799553
3.31E+18,65.15177677,0.210487177,15.09536165,0.120405701,109.0378934,0.528984314,-21.30727414,0.300969945,21.33908304,0.246401745,5.179711,5.326111,5.018337,46.86236977,4058.412816,0.111100235,0.13442922,39.72819033,1.21003652,95.44008049,9.176674385,87.46597078,24.67843211,46.76915777,39.72819033
3.31E+18,68.77366688,0.044505386,13.17359637,0.02490078,100.5527717,0.100272567,-16.74501577,0.064760264,21.33972258,0.051576483,13.729072,15.358678,12.487358,46.86096533,19388.6815,0.101937508,0.039180197,36.4506101,0.384362658,96.70499236,8.522203098,84.11476463,22.64245865,42.91069692,36.4506101
3.31E+18,67.65615114,0.109878899,13.72431946,0.062422411,106.8710223,0.274275814,-19.35427816,0.172163543,21.34703531,0.125088362,5.326475,5.4836016,5.123664,46.84491245,7994.348847,0.108609408,0.085243035,38.82303095,0.784880541,97.34254622,8.348131081,86.52340888,24.11616349,45.70357835,38.82303095
4.52E+16,62.49038269,0.125253384,15.41688665,0.068984949,118.5917483,0.259479659,-21.99562786,0.166504093,21.35077322,0.128336813,14.607817,16.44443,13.309125,46.83671124,7791.996515,0.120614304,0.065330084,43.10669922,0.54167793,95.43253501,9.306990018,90.89326657,26.77710062,50.7464347,43.10669922
3.31E+18,67.66250081,0.122825405,15.69177303,0.067190222,103.4274889,0.24548955,-24.49477125,0.175025447,21.35578594,0.138873266,5.4101787,5.5468116,5.225123,46.82571753,7200.809978,0.106288472,0.07083859,37.97783163,0.666506543,96.39235882,8.887669908,85.64039068,23.59114099,44.70858563,37.97783163
3.31E+18,67.25110103,0.073459647,16.34621765,0.031010091,104.8749013,0.195878953,-27.37962279,0.09437875,21.37368768,0.082488589,13.095269,14.5612545,11.915406,46.78649818,12122.88887,0.108389984,0.036170596,38.69628331,0.333730235,96.38301806,8.740766873,86.3354541,24.03743016,45.55436742,38.69628331
3.31E+18,68.10735463,0.04313645,13.11315311,0.020010135,103.9053545,0.120885248,-18.4775446,0.054464149,21.37416481,0.045224346,10.509224,11.330861,9.642737,46.78545379,22111.98389,0.105535503,0.030026674,37.67636452,0.284525145,96.96995311,7.980501836,85.292017,23.40387508,44.35368995,37.67636452
3.31E+18,66.5798152,0.122041948,17.05047865,0.050472579,101.2787459,0.232664927,-28.26991584,0.153523741,21.37847738,0.134905285,16.36453,18.561312,14.976042,46.776016,7412.608025,0.105150238,0.056077393,37.53125171,0.533344666,94.71280016,9.197724249,85.13426884,23.31373363,44.18285902,37.53125171
3.31E+18,68.48678695,0.051426375,16.86894089,0.025476045,101.6112793,0.143812802,-28.32773058,0.079131469,21.37936003,0.062201117,13.766591,15.318803,12.556113,46.77408485,16076.88159,0.105486077,0.029686513,37.64956824,0.281440928,96.71214232,9.000126844,85.25326132,23.38722972,44.32214461,37.64956824
3.41E+18,68.96715914,0.315931027,19.79569923,0.164402976,94.67241422,0.659469991,-39.1776125,0.416447254,21.38412806,0.390059834,13.8327,15.520947,12.565377,46.7636556,2563.709238,0.102458535,0.124038456,36.56083908,1.210758432,95.26505198,8.913029092,84.13011276,22.71093089,43.04046161,36.56083908
3.31E+18,64.99097818,0.627501584,14.04467953,0.585126312,116.056711,1.771133222,-22.85619554,1.598202743,21.39278864,0.7168736,12.722458,14.205729,11.524632,46.74472398,1394.946055,0.118285949,0.60506121,42.19153444,5.115351366,97.22895345,7.695736321,89.86594888,26.20861684,49.66907664,42.19153444
3.41E+18,72.70775138,0.086618703,18.14104031,0.054712311,88.75661965,0.16626151,-35.44319635,0.098625654,21.40443077,0.094502127,16.39269,18.59612,15.010138,46.71929896,10581.77238,0.095571741,0.035098357,34.07103885,0.367272718,97.36236795,8.29570799,81.54109315,21.16431209,40.10939783,34.07103885
3.29E+18,68.48627878,0.571197424,5.623236912,0.280718253,107.9012893,1.055446039,6.58503679,0.67048861,21.45221413,0.744229561,19.994263,20.765886,18.299635,46.61523486,1343.671433,0.10810204,0.946224441,38.45221169,8.753136179,98.45885914,7.452413798,85.91474103,23.88581729,45.26703935,38.45221169
3.31E+18,68.48158209,0.056849492,18.38062489,0.027664892,103.529252,0.133715593,-32.41717617,0.072484409,21.45798696,0.072272167,14.997765,16.776814,13.717543,46.602694,13836.58521,0.108485849,0.023802264,38.57835218,0.219430173,97.23970764,9.375853732,86.03112017,23.96417348,45.41553553,38.57835218
1.46E+17,66.34283717,0.296569124,22.29367965,0.214670126,101.0284997,0.943074947,-44.47316717,0.737071853,21.48705018,0.364407892,4.1130867,4.2604294,4.061242,46.53965954,2744.177671,0.110383968,0.172320678,39.20024336,1.561194528,94.40630931,9.940022107,86.60368027,24.35048101,46.14764355,39.20024336
4.80E+16,66.23849795,0.177865221,19.04185949,0.115203015,103.5350461,0.380728922,-34.48574638,0.317092321,21.53365494,0.211469444,5.8676805,6.0846605,5.560669,46.43893491,4728.815565,0.109127322,0.09074671,38.6701013,0.831625261,94.99823298,9.462485499,85.9611319,24.02116637,45.52354521,38.6701013
4.76E+16,64.50816887,0.072670052,18.25666999,0.035883012,114.7080141,0.166242079,-32.21424278,0.091366997,21.56079557,0.071131607,7.354803,7.722865,6.872222,46.38047778,14058.44798,0.11914565,0.026732432,42.16702582,0.224391931,96.37150613,9.308269214,89.47665402,26.19339253,49.6402244,42.16702582
4.58E+16,64.00657915,0.067792529,16.98296836,0.038573368,117.265033,0.147099922,-30.16699548,0.099651825,21.60409041,0.080316728,13.78012,15.384231,12.551669,46.28753078,12450.70648,0.121083176,0.029182425,42.7668614,0.241040069,96.58019942,8.603247396,89.99675997,26.56599952,50.34636794,42.7668614
3.31E+18,66.02450502,0.190904978,17.44398973,0.11480246,110.7658212,0.477405193,-33.16823293,0.353062106,21.66971159,0.20852098,4.724478,4.8522983,4.628136,46.14736083,4795.680518,0.115625252,0.099321394,40.71543883,0.859047865,96.79278867,8.230591689,87.75996436,25.29169299,47.93137483,40.71543883
3.31E+18,68.44479677,0.040298394,13.25180937,0.021778786,102.7610307,0.092005763,-17.74422982,0.057125631,21.69370183,0.046520782,6.5009675,6.744291,6.1633453,46.09632823,21495.76933,0.104281768,0.032043698,36.68041823,0.307287448,96.98952751,8.322856645,83.58499947,22.78521129,43.18123359,36.68041823
3.31E+18,66.7771611,0.117188504,16.43009546,0.048525998,107.9802426,0.241002119,-25.08633721,0.141084318,21.69725433,0.127816217,16.561577,18.827927,15.154725,46.08878085,7823.733358,0.11085602,0.054581064,38.98648326,0.492395188,96.77167294,9.461668455,85.93433127,24.21769711,45.89599906,38.98648326
3.29E+18,73.65782557,0.048631407,9.409053717,0.029512943,82.8220579,0.100241795,-8.331648253,0.057921997,21.71368165,0.060871722,14.656556,16.415787,13.382226,46.05391275,16427.98927,0.083240072,0.084774263,29.2522006,1.01843478,96.66395277,7.09470698,75.95068559,18.17093707,34.43652412,29.2522006
3.31E+18,70.09991489,0.049130604,13.97932153,0.027105167,95.27612981,0.109677951,-20.68711378,0.051192374,21.7320937,0.056308616,14.931985,14.809712,15.006029,46.01489455,17759.27161,0.097496141,0.027993446,34.23303621,0.28713532,96.5655065,8.232901032,81.00225571,21.26494191,40.30010574,34.23303621
3.31E+18,67.81617241,0.122496725,10.70423842,0.051615206,103.0184958,0.322939278,-10.89109595,0.165907928,21.74595545,0.173142026,13.631172,15.349691,12.366208,45.9855628,5775.605267,0.103592598,0.150131885,36.35045013,1.449274885,96.43242125,7.678933994,83.1369951,22.58024108,42.79278575,36.35045013
3.31E+18,71.03542361,0.055307951,14.71479455,0.031588286,91.44656883,0.148893511,-25.14791828,0.073788028,21.83056052,0.079744717,15.490333,17.409155,14.166882,45.8073442,12540.01566,0.094841408,0.035381624,33.15069732,0.373078815,96.43724829,7.72926169,79.68851714,20.5926126,39.02594555,33.15069732
3.31E+18,70.43858908,0.427243371,14.89940716,0.254923809,98.29157227,0.972669075,-22.57735437,0.511420538,21.85052058,0.589580051,19.563677,21.344698,17.901684,45.76550003,1696.122517,0.100851228,0.245104947,35.21915737,2.430511338,97.7418036,8.627919831,81.76071152,21.87750251,41.46099567,35.21915737
3.31E+18,65.51516392,0.125971167,14.07710623,0.083127534,113.7562244,0.288861144,-21.59893753,0.211107678,21.8528476,0.145085002,5.6299763,5.812982,5.3935313,45.76062665,6892.51117,0.115788569,0.08721462,40.43125382,0.753252317,97.11411513,8.077401365,87.08278315,25.11516241,47.59682414,40.43125382
4.73E+16,64.53805656,0.071762618,17.41613399,0.042063655,113.2120696,0.149989657,-27.98450273,0.110690415,21.87511476,0.085874068,14.729224,16.462358,13.459161,45.7140459,11644.95898,0.116619488,0.035769321,40.67994456,0.306743332,95.98585366,9.642661013,87.29037303,25.26964459,47.88958996,40.67994456
3.41E+18,73.09166802,0.110710344,17.17405964,0.061259406,87.26936344,0.216552616,-34.37124172,0.112611126,21.91472969,0.111905889,15.6882925,17.667559,14.35284,45.63140929,8936.080199,0.093794051,0.043818949,32.65868824,0.467210514,97.33315786,7.626492494,79.00973173,20.28698548,38.44673845,32.65868824
3.83E+16,59.56042373,0.098684018,12.6279707,0.055217648,129.4354472,0.261159481,-12.30986536,0.137580394,21.9461482,0.102519051,15.111156,17.014067,13.799521,45.56608252,9754.284619,0.13001949,0.087349208,45.20741879,0.671832504,95.51471462,9.208563653,91.76964678,28.08202956,53.21946165,45.20741879
3.41E+18,68.80694833,0.174797503,20.13348766,0.088702462,101.2786438,0.405987169,-42.77104655,0.237115502,21.9475498,0.197194204,17.764841,20.341301,16.232841,45.56317262,5071.142962,0.109939648,0.062227572,38.22327173,0.566087054,96.93990494,8.252641399,84.62869414,23.74360393,44.9975247,38.22327173
3.31E+18,67.9365678,0.068884553,15.63015429,0.027799995,105.0758511,0.136879817,-31.64185596,0.082009271,21.95457238,0.07581221,13.458199,14.954386,12.249069,45.54859839,13190.48734,0.109736692,0.026433772,38.14050521,0.240908376,97.12430422,6.840749857,84.52952963,23.69219087,44.9000896,38.14050521
3.31E+18,66.77787532,0.109766488,16.42958363,0.046820594,108.9930058,0.240246781,-26.29464401,0.135662056,21.96150213,0.114728301,16.63398,18.992195,15.210461,45.53422595,8716.245196,0.112119952,0.050039665,38.95654398,0.446335304,97.05371028,9.125515852,85.34917737,24.19909937,45.86075369,38.95654398
3.31E+18,64.99094773,0.175276352,14.03512232,0.102897896,115.3845278,0.525144048,-19.29941708,0.308802147,21.97475518,0.17876341,5.497301,5.6599345,5.2718267,45.50676409,5593.985934,0.116987421,0.142197265,40.62325165,1.21551914,97.04220544,8.674173128,87.02514909,25.23442798,47.82284946,40.62325165
3.41E+18,73.68419963,0.057606971,19.68072458,0.033595818,88.41047792,0.120114699,-40.38738705,0.062640774,21.97996511,0.062588903,12.842712,14.196183,11.706442,45.49597759,15977.27317,0.097198527,0.021213198,33.74366453,0.218264663,98.24266572,8.462005954,79.98318378,20.9609531,39.72400346,33.74366453
3.31E+18,68.4696179,0.08211555,14.85076528,0.037817422,101.7908524,0.149547607,-25.50209572,0.101570586,21.99007625,0.096420661,15.2252445,16.94828,13.905549,45.47505832,10371.22118,0.104936812,0.040454465,36.41335467,0.385537551,96.74485467,7.766849799,82.69078126,22.61931624,42.86683877,36.41335467
3.30E+18,64.04577979,0.103691896,11.53370172,0.068823336,116.7618099,0.215545561,-11.90347213,0.175756055,21.9985166,0.123726592,15.855219,17.886698,14.500596,45.45761055,8082.336919,0.117367001,0.12678233,40.71103758,1.080235907,96.47961589,8.227181683,87.06571584,25.28895901,47.92619355,40.71103758
3.29E+18,71.10805261,0.155121477,11.14607418,0.093180403,98.81492306,0.374835237,-14.88054091,0.216027689,22.00597638,0.170693605,5.3106313,5.4670644,5.115604,45.44220091,5858.450286,0.099929072,0.150155119,34.65060119,1.502636983,98.55664235,7.012590593,80.85632809,21.52432571,40.79167513,34.65060119
3.31E+18,66.13186164,0.066547216,13.92855165,0.040525813,113.0525498,0.160084058,-18.15450358,0.093307048,22.00599919,0.076909324,15.114616,16.927238,13.81845,45.44215381,13002.3247,0.114500939,0.046559484,39.70338322,0.406644737,97.53534769,8.885633989,86.02040108,24.66302238,46.73995413,39.70338322
3.39E+18,80.73323779,0.044242367,15.23027395,0.035779065,81.32622201,0.086612136,-43.01512864,0.06321865,22.03514096,0.049882124,14.033779,15.438982,12.88024,45.38205594,20047.26202,0.09200139,0.019727854,31.85943825,0.214441912,103.323855,3.28162711,77.94351691,19.79050586,37.50583858,31.85943825
3.31E+18,67.64060589,0.20321865,16.19390422,0.130370378,104.4222824,0.482862693,-26.25403328,0.328340584,22.0357338,0.251586051,4.7065477,4.8396287,4.607219,45.38083502,3974.783164,0.107672129,0.123836963,37.28510264,1.150186826,96.64679546,8.901117194,83.4875149,23.16083029,43.89308532,37.28510264
3.31E+18,67.81744697,0.058017667,12.20008133,0.029637829,106.9563789,0.141597554,-13.80150484,0.081360419,22.03705238,0.068029415,14.403973,16.132812,13.138587,45.37811967,14699.52376,0.107843166,0.056024568,37.34209562,0.519509575,97.52755221,8.366329988,83.54304836,23.1962333,43.96017908,37.34209562
3.31E+18,72.29438828,0.067630041,13.81134846,0.042293818,88.60083436,0.136298079,-22.52406481,0.078142435,22.0514572,0.082978235,14.3071785,16.031822,13.041243,45.34847701,12051.35298,0.091419043,0.041512729,31.63435145,0.454108395,96.90573116,7.554663785,77.6798914,19.65068602,37.24085999,31.63435145
4.61E+16,63.03227805,0.254541153,17.62601799,0.145636936,127.9290159,0.603999661,-38.55568051,0.404591456,22.10409537,0.283925225,13.455772,15.075413,12.085375,45.24048523,3522.054089,0.133612775,0.086121298,46.12483207,0.644686838,98.56811579,6.916106738,92.38167798,28.65191007,54.29946671,46.12483207
3.41E+18,72.56986865,0.050474544,20.62563322,0.031115075,89.28475027,0.103941279,-44.2449841,0.054329654,22.10670133,0.056397597,13.155478,14.644894,11.9607525,45.23515223,17731.25196,0.099646301,0.016980651,34.39511748,0.170428342,97.37118817,8.335359859,80.38816612,21.36562386,40.49091243,34.39511748
1.45E+17,66.35475274,0.217828326,22.19979794,0.103925799,110.9700139,0.741056544,-47.30640222,0.45272575,22.14292041,0.259330991,5.194479,5.346833,4.9960685,45.16116129,3856.075963,0.120632664,0.096737462,41.57091472,0.802003166,97.17975659,9.05913066,87.64809112,25.82309911,48.93846542,41.57091472
3.31E+18,66.37292139,0.536642217,17.92777301,0.363542176,109.64518,1.468948402,-30.80613475,1.11863656,22.19470413,0.454122196,4.262473,4.3274403,4.2594867,45.05579324,2202.050479,0.113890664,0.339841398,39.15600064,2.983996878,96.82991584,9.370513358,85.07459635,24.32299823,46.09555976,39.15600064
3.30E+18,64.73296409,0.068264456,9.396310138,0.044195592,114.7187774,0.145694001,-3.25865689,0.09955999,22.19962981,0.076256359,14.752955,16.658455,13.443692,45.0457962,13113.66042,0.11476505,0.266447375,39.44786276,2.321679519,96.59929114,8.491127669,85.36289261,24.5042977,46.43914816,39.44786276
1.48E+17,67.73287543,0.078465479,24.83791286,0.04813951,106.4231566,0.158351147,-55.27974191,0.112795144,22.21255929,0.083714562,14.697919,16.477194,13.41931,45.01957595,11945.35307,0.119923885,0.0210579,41.19710027,0.175634322,97.29486337,9.482428994,87.12445433,25.59089235,48.49840041,41.19710027
3.41E+18,70.05340873,0.048566527,19.28592373,0.027605339,98.94642756,0.105031353,-40.16354238,0.052336556,22.21422431,0.05249703,12.563821,13.832479,11.459525,45.0162016,19048.69673,0.106787198,0.015738938,36.68154324,0.147404945,97.53852749,8.129384184,82.50602265,22.78591013,43.18255799,36.68154324
3.31E+18,65.98258655,0.048809143,16.3540809,0.025127307,114.4115483,0.103394457,-27.71526545,0.079180668,22.22722792,0.051851186,14.347058,14.218839,14.504593,44.98986574,19285.96209,0.117720594,0.025453974,40.41352226,0.216236211,97.76357218,8.65539605,86.29389996,25.10414789,47.57595005,40.41352226
1.46E+17,66.57743381,0.471943717,22.81338167,0.336196846,109.3479176,0.942362244,-47.13166346,0.775800735,22.27549128,0.497731594,4.147902,4.3679295,3.982772,44.89238811,2009.114978,0.119072922,0.15603768,40.78920876,1.310628464,96.95185537,9.721252937,86.58038709,25.33751753,48.0182189,40.78920876
3.30E+18,65.96178681,0.045750727,9.20539269,0.027637279,114.2132061,0.100489614,-5.387052955,0.062783722,22.27584178,0.052275221,11.813728,13.141092,10.691473,44.89168175,19129.5222,0.11434018,0.102218853,39.16736072,0.893991994,97.68767739,7.708989091,84.92209526,24.33005491,46.10893316,39.16736072
3.31E+18,62.81140349,0.152390524,15.08626719,0.094684673,123.279991,0.312905867,-24.86456352,0.240114312,22.28172625,0.182388322,17.14862,19.736034,15.672859,44.87982613,5482.807183,0.125762485,0.079394734,43.06870734,0.631360039,97.05584543,8.179443989,88.89755243,26.75350075,50.70170958,43.06870734
3.31E+18,66.85087294,0.061611391,14.1185745,0.028318209,108.4762552,0.174584996,-18.05074721,0.088798738,22.28850995,0.075072873,14.491876,16.201853,13.233924,44.86616658,13320.39073,0.109967847,0.047068065,37.64820266,0.42802986,96.98316603,9.104478055,83.34394739,23.38638145,44.32053701,37.64820266
3.31E+18,67.87159902,0.042474761,17.71852318,0.019878489,104.8385053,0.083134961,-31.91787503,0.053177044,22.30614762,0.046836277,11.183414,12.1375,10.255111,44.83069048,21350.97137,0.10958952,0.016836898,37.48901361,0.153650378,96.99340604,8.852446779,83.14577451,23.28749609,44.13313512,37.48901361
3.31E+18,65.9295013,0.054896421,15.88080703,0.027815004,114.7340525,0.143165945,-25.99105393,0.082450182,22.32067974,0.063364577,13.575476,15.070642,12.382892,44.80150298,15781.68816,0.117641139,0.028976619,40.21715698,0.246330018,97.80007143,8.661069822,85.90484501,24.98216933,47.34478324,40.21715698
1.47E+17,69.12191228,0.104078719,23.34062802,0.073755395,98.50261131,0.205051898,-49.71351614,0.155010967,22.33119218,0.118574409,5.9026866,6.129623,5.598536,44.7804126,8433.522922,0.110336749,0.033978871,37.70229904,0.30800184,96.48374875,9.531317985,83.3134818,23.41998513,44.3842208,37.70229904
3.30E+18,72.19201815,0.148510716,11.38563984,0.080142804,91.90075017,0.359787324,-14.0297138,0.180368161,22.45025336,0.214014255,16.274961,18.758238,14.82441,44.54292715,4672.585935,0.092965481,0.144559372,31.59803216,1.555008223,97.72000431,7.488497122,76.83722195,19.62812514,37.19810389,31.59803216
1.45E+17,69.15894256,0.06784671,23.0417566,0.040190663,103.1759608,0.175627293,-51.63548601,0.091606778,22.45901212,0.087667034,13.093763,14.66676,11.879706,44.52555591,11406.79627,0.115375484,0.021310009,39.19967322,0.184742603,97.81893167,8.698566045,84.58899393,24.35012685,46.14697236,39.19967322
3.29E+18,70.21730056,0.057640555,9.087583597,0.033269434,98.97466384,0.147652011,-4.983453461,0.071871904,22.46063919,0.069864862,14.819497,16.566647,13.546177,44.52233044,14313.3468,0.099100045,0.146307291,33.66753343,1.476362761,97.71026274,7.703290969,78.93172797,20.91366183,39.63437975,33.66753343
3.29E+18,71.53872285,0.10150602,6.750071798,0.063777644,96.55666446,0.262003878,2.299257684,0.1451736,22.46882738,0.128746526,13.588902,15.402245,12.302055,44.50610542,7767.199882,0.096584036,0.654327746,32.80080503,6.774701141,98.36001853,7.388754488,78.02967619,20.37526586,38.61404239,32.80080503
3.31E+18,64.47971913,0.107783724,16.54438593,0.065552305,116.346948,0.199367861,-26.57448667,0.168575304,22.48296564,0.125022054,12.964265,14.4630995,11.775244,44.47811805,7998.588788,0.119343268,0.055058561,40.5045573,0.461379694,96.79831579,9.162584081,85.87519327,25.1606972,47.68311909,40.5045573
3.30E+18,74.76337946,0.067330329,12.2624031,0.046241606,86.12701006,0.147720571,-18.40621895,0.095281483,22.48643393,0.074307233,15.074843,16.9617,13.768296,44.47125778,13457.64019,0.08807185,0.061919133,29.88657117,0.703060248,98.68754892,7.149564501,75.01637955,18.56499657,35.18332324,29.88657117
3.27E+17,36.54056201,0.098407716,34.46923424,0.085116128,115.0813794,0.191160136,-52.04727158,0.164152469,22.51558973,0.108165988,7.811471,8.207769,7.2947135,44.41367123,9245.050275,0.12630377,0.028222425,42.80480748,0.223500435,68.50761183,20.0116588,88.16168265,26.58957094,50.39103915,42.80480748
3.41E+18,69.93785768,0.08635812,18.09469732,0.050930683,102.901027,0.216020212,-34.27031232,0.103865599,22.58049988,0.098214198,16.226562,18.445236,14.8309965,44.28599921,10181.82729,0.108457714,0.033993179,36.65105274,0.31345352,98.52147629,8.575166117,81.7446579,22.76696998,43.14666371,36.65105274
3.31E+18,64.94886907,0.381824401,15.62754122,0.316755947,113.1579706,0.967068739,-25.26986674,0.759090656,22.62342033,0.461399986,3.2899854,4.0298915,2.8077714,44.20198119,2167.316928,0.115945213,0.269363444,39.10696562,2.32328542,96.3816387,8.60813379,84.17066879,24.29253857,46.03783433,39.10696562
3.31E+18,69.53988626,0.275762476,12.51077299,0.204778525,104.9117352,0.669731052,-13.48812681,0.527702055,22.63737861,0.34533822,4.1884313,4.3124833,4.1403,44.17472611,2895.711922,0.105775242,0.374764885,35.65475464,3.543063133,98.68203494,8.764071097,80.61513327,22.14808765,41.97379319,35.65475464
3.31E+18,68.46261629,0.687020426,14.84432308,0.216270839,101.5381152,0.802075104,-24.09044563,0.527209286,22.67027882,0.879987425,4.544803,4.7254057,4.385437,44.11061761,1136.379875,0.104356784,0.222952102,35.12557051,2.136793499,96.6676483,8.152532624,80.01018006,21.81936805,41.35082255,35.12557051
3.31E+18,66.46572596,0.056442345,13.50258737,0.036383324,113.2985427,0.12518825,-19.14889742,0.084822982,22.7192478,0.0641328,13.93894,15.513342,12.719206,44.01554176,15592.64515,0.114905353,0.039731687,38.59276292,0.345789034,97.93754336,8.183449196,83.4586962,23.97312516,45.43250026,38.59276292
3.41E+18,71.81275316,0.143158495,17.33030528,0.085660238,95.00461292,0.279586388,-30.70800051,0.15651942,22.76512577,0.17121369,17.277748,19.976038,15.812855,43.92683836,5840.654457,0.099844167,0.058947742,33.46664726,0.590445356,98.20292341,8.800305141,78.13092319,20.78887498,39.39789083,33.46664726
3.31E+18,69.63188374,0.042875982,17.04055943,0.021702705,105.9811314,0.115818356,-31.20568349,0.061465887,22.78874449,0.054501668,13.641514,15.225585,12.415317,43.8813117,18348.06225,0.110479839,0.020388788,36.99322512,0.184563084,99.07108691,8.372314012,81.68968253,22.97952126,43.54947878,36.99322512
1.45E+17,69.6812987,0.08488424,21.73712088,0.047006536,105.5445172,0.160816665,-48.90172233,0.096950313,22.87621816,0.104597527,15.141472,16.958616,13.843102,43.71351912,9560.455452,0.116322928,0.021495571,38.80079784,0.18484877,98.99922016,8.153309117,83.36929254,24.10235269,45.6774049,38.80079784
3.41E+18,71.56393402,0.12776394,18.77463352,0.073218462,97.94476979,0.25850699,-44.36347621,0.132949004,22.93682671,0.151928079,14.275556,16.108984,12.975344,43.59801,6582.061765,0.107523467,0.037139354,35.77086862,0.345470465,98.77081452,6.45144568,80.15708971,22.22021555,42.11048588,35.77086862
3.39E+18,75.01410801,0.093940757,15.91466682,0.062419493,86.62774578,0.210345288,-32.14370393,0.112326911,23.00832637,0.110025162,14.9969,16.856974,13.701598,43.46252673,9088.830042,0.092399048,0.046053546,30.64375821,0.498443073,99.07737073,6.985860178,74.78152016,19.03534745,36.0747054,30.64375821
3.30E+18,71.43261426,0.605390569,12.77534593,0.314864462,99.58814121,1.256901362,-16.34273599,0.666260577,23.03699029,0.785332412,19.862751,21.26234,18.102411,43.40844822,1273.346146,0.100920181,0.422877889,33.42811141,4.190359944,99.09598682,8.235697041,77.57314806,20.76493721,39.35252533,33.42811141
3.41E+18,75.23048254,0.086430732,18.80722596,0.063866796,86.16329504,0.18463348,-42.95217526,0.114787928,23.06015593,0.098219257,15.528206,17.687862,14.147587,43.36484119,10181.30281,0.09627566,0.035579695,31.8576566,0.36958519,99.16473116,6.876066169,75.92448126,19.78939914,37.50374118,31.8576566
3.31E+18,67.83201529,0.05664203,10.92373549,0.027511113,114.7297404,0.137127013,-9.453619494,0.078146144,23.06825711,0.064956939,14.884027,16.766445,13.576126,43.3496122,15394.81405,0.115118566,0.072553269,38.07940453,0.630254492,99.70138763,8.297730077,82.26809641,23.65423623,44.82816013,38.07940453
3.31E+18,67.25473729,0.049995663,18.67354528,0.022653717,113.6155945,0.110344667,-35.99492654,0.066553417,23.13675547,0.051617468,12.2739725,13.557779,11.159295,43.22127194,19373.28674,0.119181114,0.017523941,39.30651554,0.14705315,98.81462465,8.674954579,83.39390654,24.41649536,46.27275018,39.30651554
3.41E+18,68.15818836,0.045846766,19.04653111,0.023175515,111.0337329,0.103886437,-39.93023613,0.060232455,23.17496085,0.053851214,13.765739,15.363274,12.536123,43.15001896,18569.68365,0.117995397,0.015043379,38.85130536,0.127512415,99.00089195,7.954798853,82.85741284,24.13372705,45.7368638,38.85130536
1.46E+17,65.98972202,0.056794493,22.18138384,0.028843658,114.8065859,0.134994002,-48.74060433,0.087219602,23.22101855,0.065568028,13.844896,15.460286,12.606865,43.06443311,15251.33556,0.124724491,0.01716752,40.98548094,0.137672496,97.88044034,8.642327076,84.95302913,25.45943826,48.2492761,40.98548094
3.41E+18,75.3132401,0.090908325,17.69385912,0.06688085,85.96888272,0.173668604,-39.73740733,0.118188362,23.24143497,0.113635325,15.544423,17.535423,14.203168,43.02660318,8800.080418,0.094708555,0.037962937,31.09466131,0.400869401,99.1934853,6.65569042,74.80643536,19.31544029,36.60552138,31.09466131
3.31E+18,68.09948359,0.032991188,17.75059415,0.015249179,109.8651201,0.066096259,-34.50592203,0.041866296,23.26178154,0.037321652,13.362237,14.030194,12.445198,42.98896876,26794.098,0.11515643,0.011760283,37.77502657,0.102137021,98.6175725,8.165615804,81.59636804,23.46516216,44.46983773,37.77502657
3.29E+18,72.26745127,0.067225696,8.981256767,0.044747282,97.15157522,0.152890102,-6.273825275,0.086824331,23.35675504,0.085628277,15.979464,18.069757,14.622896,42.81416653,11678.38521,0.097353939,0.143068982,31.80537955,1.469580261,99.25399994,7.238527524,75.32037761,19.75692558,37.44219914,31.80537955
3.29E+18,76.47569374,0.059350551,10.58074918,0.043866494,79.55584902,0.1195129,-11.38176181,0.077996822,23.36268679,0.064871131,13.821312,15.264295,12.54073,42.80329608,15415.17741,0.080365898,0.087294709,26.24874702,1.086219361,98.57454069,7.419148681,69.63043424,16.30524612,30.90077299,26.24874702