source_id,ra,ra_error,dec,dec_error,pmra,pmra_error,pmdec,pmdec_error,radial_velocity,radial_velocity_error,parallax,parallax_error,phot_g_mean_mag,phot_bp_mean_mag,phot_rp_mean_mag,dist,dist_error,rad_v,finra,findec,findist,pm_scalar,tang_v,true_v,pm_scalar_error
7.13770006372535e+16,54.53880044784685,0.094606335758874,27.585797667969594,0.05494223662725137,19.003865700482525,0.15504138043863613,-43.45440336470561,0.1135192089610602,1.7185765077755946,0.9155040605514604,6.713325157369276,0.10631623195421973,13.343994,14.181078,12.449644000000001,148.95748031842183,9405.901447208971,1.7564453411244299e-06,59.817652031314225,15.51513006666248,150.71392565954625,0.04742817815755224,33.48706627445599,33.53113646870452,0.18061958888595214
6.48048416806752e+16,56.72201501070958,0.0456370241656752,22.880754149426235,0.025130999090540885,19.05364941231256,0.09340111749617716,-41.516847781790645,0.057525639410488036,6.568174079301483,0.8580239538048589,6.732059170709437,0.048580836142143015,11.551752,12.021861,10.952161,148.54296057748672,20584.24842820928,6.712903795138891e-06,62.01469540301863,11.348296432262167,155.2558643726256,0.04568030435169727,32.16321145380356,32.82701755807385,0.11151567792548021
6.492441357110195e+16,57.48548895812743,0.04796753069776128,23.21843739440713,0.01954721417718047,19.086745767682476,0.09414294104928808,-43.21979873304589,0.058872772700202115,6.973385740520673,1.0811646562993116,6.798870978329137,0.04990406313817868,10.134455,10.460739,9.674894,147.0832441426556,20038.448517330417,7.1270442953130456e-06,62.787362782483676,11.212937746338826,154.21028843796864,0.047246744507163034,32.93922912756755,33.669287551186635,0.10830400841065496
6.964375799460851e+16,52.890211223002154,0.05627471129275298,26.26528408470037,0.02759777067915385,20.625067491619788,0.10079297454695213,-42.05876675060475,0.06479005385240776,3.5787544932003392,1.167696262122032,6.812579511830639,0.05655275344425309,10.573719,10.942919999999999,10.064533,146.78727760364671,17682.604985551243,3.6576123484580088e-06,58.619396637340984,14.582293320643494,150.44488995210472,0.046843711099950724,32.59252831151196,32.78841846535618,0.10938419159748877
6.948597807589018e+16,53.68502433346344,0.0485333037289046,26.095801262994584,0.02826835040135238,20.005172236350674,0.10381757863276424,-42.262904213903106,0.06492995352051988,5.067254024937781,1.3998300539477586,6.8305717784115325,0.0510157839570936,12.849354,13.525347,12.076657,146.4006282988732,19601.77659606371,5.178910967377285e-06,59.24201662133863,14.356105648021499,151.57953926625046,0.04675852851405404,32.44756549621649,32.840852150705636,0.11574729003277431
6.96497365890016e+16,52.63976653935667,0.03391046957978985,26.215557401487487,0.02388721314717853,20.992203828480964,0.07311416250891581,-42.19730785656119,0.05937031115819095,4.463299948675871,2.897418824935516,6.866292202447468,0.038643956422522635,12.826823,13.512137,12.043811,145.63901018420876,25877.267562002933,4.561648763044944e-06,58.47093426949027,14.494082996887155,150.20065894725371,0.04713051465789326,32.53555673013513,32.840272504528514,0.07970137759228411
4.502222231542861e+16,56.117100715350816,0.03872575218402593,19.184819851356142,0.02392352030941057,18.879784421264347,0.07595650851507793,-41.23184100393994,0.05673893140667975,3.2430602988519546,3.6366985500801867,6.895279930974153,0.043384834850338,11.556369,12.090133999999999,10.8882885,145.02674438320037,23049.52879156135,3.3145211325371576e-06,61.361485276813134,7.731530683595047,148.34126551573752,0.045348770351219,31.17395865238061,31.342194214227018,0.09376218675038808
6.825026444515994e+16,54.788128534650724,0.04242592236156893,24.36762874556284,0.024828030155720417,18.84242308372884,0.08488286656958864,-40.76293064348444,0.053934955004519586,5.421243643583487,2.322945262512354,6.955217069282168,0.04646752978184933,9.703188,10.016299,9.258933,143.7769648364415,21520.40370328895,5.54070074726985e-06,60.02213494679762,13.04459245570605,149.31766558371135,0.04490716448754876,30.604358936701008,31.080808685900134,0.10455285322143008
5.090505620117952e+16,58.003446440960786,0.035797442146456235,19.59668372920805,0.014536025499895373,17.210450139262942,0.07313909426355955,-42.593685236053574,0.0417071872158163,8.720872341084576,0.5445863829855963,6.959662599686523,0.036678658315327003,10.320267999999999,10.676899,9.824011,143.68512635153346,27263.810780726606,8.913036763120374e-06,62.78412703520049,7.765104496970947,152.59816311465383,0.045939325375804814,31.287781435140662,32.48043844412551,0.09493045862379887
7.042650719653146e+16,57.79406284953321,0.03557338664527869,26.587493173361022,0.012852570183154504,17.95273402207647,0.06628240418607452,-44.04415380915012,0.04194069013710747,4.466025160518548,3.18331114821873,6.967615803391834,0.03790214659072776,13.470317999999999,14.293006,12.590544,143.52111657953358,26383.729945380885,4.564434024930575e-06,62.78093341122112,14.353006004152657,148.08555060446415,0.04756246570176419,32.35627419591866,32.66303507905927,0.08016559438956702
6.673472080901786e+16,56.825353011255906,0.04866720283982465,24.39057153885707,0.02450398469657446,21.400657427636713,0.1201322252114321,-45.704857647973405,0.06015444042137912,2.8233022706683433,3.752203538025481,6.9890378828891695,0.04899936907853384,12.243859,12.946128,11.446798,143.0812104264363,20408.426043144515,2.8855137362025205e-06,62.76998007448833,11.694777747753347,145.9667241626388,0.05046704024367365,34.22699587029932,34.34324215936881,0.11424709084604566
7.031301697862758e+16,55.90868536557939,0.038509939811009516,26.612319919055327,0.02005219579966202,19.097943009905674,0.056907841051434926,-43.78336991589142,0.04375459483561448,0.6055486134584598,1.9541569069404847,6.998035240989744,0.04395927339096698,13.408094,14.22365,12.535631,142.89725123741565,22748.328688378322,6.18891877156017e-07,61.21366953499763,14.450272720196601,143.51614311457166,0.04776729957200209,32.35436692931935,32.36003319714451,0.0657960851939452
7.028631946201933e+16,56.30808499849081,0.05871388728301701,26.58822016223567,0.028669973917972238,19.312178140498474,0.09265358328849677,-44.32906911562164,0.06331962760331124,3.5416397658620298,1.6222002467418586,7.002798531935206,0.06594704916498212,11.748028,12.246644,11.119835,142.8000527845619,15163.680750874295,3.6196797981027998e-06,61.672578926407056,14.274589852340771,146.4197325826647,0.048353144604957266,32.72890179294652,32.9199669623691,0.10352582488318911
6.825424587851238e+16,54.80623032269011,0.04378434119266488,24.466330873270653,0.026754921447704912,19.697686914621226,0.10495834074136508,-44.49218831014254,0.0613401930138397,5.438725589083691,0.6662907754218056,7.028588424596789,0.04596054673227372,10.218912,10.553631,9.747693,142.27607872164847,21757.791651721043,5.55856790743915e-06,60.27781002119601,12.107389676008836,147.83464662908762,0.048657514223515615,32.81407353606639,33.26173714741499,0.11311569288130482
6.445028354025024e+16,55.51650783427613,0.10662596688314788,22.426719948852032,0.06406045488317327,19.505829389707007,0.2436830240527249,-44.08332900856162,0.14545509257625985,7.277345088032446,1.1752070349324797,7.042034515912106,0.12048909433472522,11.358802,11.938711999999999,10.681474,142.00441615848524,8299.506320646296,7.437701387047241e-06,60.934793775861415,10.181350779807138,149.44211754553248,0.04820598797512035,32.44749546253465,33.253566926294035,0.26804173557713
6.34309675420448e+16,55.30497518668043,0.05680503414152392,20.854364604815263,0.03964360367132352,22.07039905959314,0.11357713198992216,-45.359703063479635,0.08946051315519854,8.764635817265178,4.871916703230972,7.043899402270736,0.06386292771123575,13.869204500000002,14.852959,12.890263000000001,141.96682020723222,15658.536741716973,8.957764567498616e-06,61.43564159212297,8.254447087182031,150.92458477473085,0.050444079698778656,33.9449677113689,35.058232612828114,0.10925199801001112
6.839873287499494e+16,54.12635585110489,0.0407919863194247,24.01199076872078,0.0239198803536204,19.72967444139781,0.07734673207372184,-43.083381627824046,0.05210573096936167,4.85591461081005,0.9958550852753928,7.046047733932676,0.04290197849463437,11.988355,12.533896,11.319550999999999,141.92353469082457,23308.94833032158,4.9629146892592494e-06,59.606820973715394,12.044384760991877,146.8864493800838,0.047386050964944026,31.877428319446125,32.24515999291838,0.08657901036998189
6.473924894023539e+16,56.24559769587007,0.05944296019208385,22.03226374355948,0.02926779266794328,18.493397957224133,0.1406413004067953,-43.62228702597294,0.06992878395208238,5.321826769371313,0.18830602342196692,7.056653460693841,0.05834373212622685,9.354343,9.627953999999999,8.956987,141.71023213341635,17139.801715743804,5.43909322223441e-06,61.382652683987885,9.91496179190033,147.14932535565077,0.047380477977545014,31.825775045425196,32.26765869109821,0.16403516214457825
6.51135596343392e+16,54.92166196334368,0.04865113416393446,23.29069311241355,0.03137530668746015,21.48978634690408,0.10182710435037713,-43.73775621764917,0.07670727826764147,4.5688967703816745,4.978936948199861,7.089982025629637,0.05321691611769841,9.806539,10.101767,9.383697,141.04408112532462,18791.017461220923,4.669572410717035e-06,60.891047059705926,11.14131638528878,145.71365353604165,0.048731942667926686,32.57968883573567,32.89849452986814,0.10368034116675294
6.665556026986854e+16,58.222912885270844,0.056576419892120235,24.71553734956823,0.021194767357231227,18.240287853438442,0.11074103533463574,-44.992128072090786,0.06571530019672531,7.152339510375309,1.0075966180705125,7.091487672187327,0.0600536559318989,9.335321,9.596397999999999,8.948841999999999,141.01413500611162,16651.77555774463,7.309941311486429e-06,63.28965951122596,12.21772399620968,148.32407631759804,0.048548941177246216,32.450452122011136,33.229321440478024,0.1286218405761343
6.49995883815145e+16,57.07051867858952,0.04158189603433533,23.63659067909121,0.02641250919338656,18.3948561070107,0.09063000498138572,-44.797907515394094,0.0636602204531913,5.93566178174299,0.3441216276886168,7.095886635807336,0.046325918743293726,9.986124,10.294191,9.548335,140.92671590239192,21586.18818854538,6.066454089103697e-06,62.18020093053694,11.192727480370628,146.99316999149562,0.04842750508704151,32.34921665098727,32.88926722685923,0.10588532549694506
6.656694650562944e+16,57.64417261571278,0.04947649171839126,24.507578253251705,0.020976899823692184,19.990875991242717,0.08748193318455358,-44.9038120661514,0.06101816116616534,7.308986713235522,1.1467581387004189,7.096746728113207,0.052736678348989235,12.294708,12.872771,11.586216,140.90963624763137,18962.134728744557,7.470040235461667e-06,63.19719372439132,12.034297123765203,148.37967648309302,0.04915269535813361,32.82965912741487,33.633432848826295,0.09322409853602297
6.925023591139341e+16,53.50763162421595,0.05658594140792968,24.88071196298589,0.031110149044714007,21.388479938050907,0.10914209602853596,-44.43925240194852,0.0729493716788431,3.2655007061852537,2.015348821761485,7.105270745385778,0.05779146548229727,10.720345,11.109741,10.201036,140.74059044821175,17303.59304188818,3.337456014246046e-06,59.44887605145232,12.536475184666859,144.0780464624578,0.04931849782895353,32.90088275116774,33.06254044486273,0.10868912610427053
6.498193177294848e+16,56.575059304274085,0.050247080398246116,23.48646361761045,0.026946365659443517,19.689035464721734,0.11191335729385493,-43.27778074664322,0.060878723285244275,5.163238405351702,1.2106781626691079,7.118531405115711,0.05354633669643059,10.361044999999999,10.860933000000001,9.725724000000001,140.4784137471604,18675.413888148585,5.277010363613627e-06,62.04423582225235,11.464857854654003,145.75542411077402,0.047546024270022746,31.659360929130365,32.0776271764519,0.12315485898193808
6.492327969974426e+16,57.25981599625269,0.03824295633513918,23.252245250042478,0.021258181357868538,19.824343105822145,0.08456248109541273,-44.359792222857735,0.05491336386982593,5.799420253654319,0.5322446830681954,7.1187509096728325,0.04125653662094362,11.469830499999999,11.940588,10.877086,140.47408213724935,24238.583310756057,5.927210478943593e-06,62.76657797009218,10.930080743693106,146.40129261619296,0.04858802059800818,32.352195006798375,32.867883975644155,0.09141312758020421
6.373030958178138e+16,57.92546642630824,0.04598081880241298,21.668167449591284,0.021791861116453832,19.02116620509001,0.09518466408058072,-43.66117440085535,0.061803544738535526,7.45574616700798,1.4431837519800788,7.150063793449278,0.05021522435236205,11.255788,11.736188,10.670119999999999,139.85889201662462,19914.27924294361,7.620033533798001e-06,63.20912370549991,9.540063449353685,147.47892555042262,0.047624604080911424,31.571833463966918,32.440234573494,0.10919771136574152
6.65379812462281e+16,57.72960799279669,0.03762211642073353,24.197252568078238,0.01578241105861582,19.023817925853685,0.0750178762746732,-43.2617030264598,0.04494329366884546,5.6228012753165375,0.5377864747304015,7.1515871203658685,0.03810470114227313,11.418302,11.875624,10.83432,139.82910131266652,26243.480988507374,5.746699701418138e-06,63.014001861089376,12.180112838506071,145.57580101408467,0.04725971431595448,31.323263226382128,31.823933027376174,0.08628732809826557
6.646293957786125e+16,57.66705528629559,0.05147647340155175,23.932850926556934,0.025414365227173087,18.65775897803572,0.14908679482645582,-44.21683678459529,0.0929488396105442,4.761725967905642,1.441558277423555,7.15988843728362,0.059952365506268326,10.156676,10.48167,9.696097,139.66698067426714,16679.908983665453,4.866650599608443e-06,62.849766113527735,11.650396264169354,144.53363127387559,0.047992089195178944,31.771794320227215,32.126639234757334,0.1721634841504861
6.844487800358438e+16,54.73703244645946,0.06469946688554229,24.569622360153023,0.044722546758402405,20.455158259536287,0.2159936892418403,-43.39367900286224,0.12108911212388727,4.760014607625951,0.6887351648446347,7.16061584297156,0.06722294155895085,10.387709,10.741151,9.903903,139.65279271077517,14875.873872955328,4.864901529504989e-06,60.4190208518862,12.51582263713573,144.51769424028015,0.04797316830089631,31.756042040635926,32.11080729523082,0.2276661525181772
6.991763517271872e+16,56.183208086549044,0.040826602434391575,25.499096478657307,0.023401964736292715,20.33565769918058,0.07584373489071106,-43.67975466838967,0.053939220966777814,6.840737742313354,1.8712382313973157,7.170109439324678,0.042045170818903424,11.858036,12.38985,11.197841,139.4678851783587,23783.94428000283,6.991473398465229e-06,61.832001891876985,13.365831292993509,146.45935857682392,0.0481815311291469,31.85173943086516,32.578044717736525,0.08153983284295739
6.578728968091853e+16,59.388881927178794,0.06486016225311887,24.052992743026433,0.023905225560165156,18.721258599834282,0.11680272844353733,-45.17387580514558,0.060903098362634626,6.676724900912937,0.9560216424713656,7.170202701549482,0.07073616367261848,11.828954,12.340857000000002,11.186144,139.46607113128053,14137.040349377807,6.823846534104554e-06,64.58923153824387,11.504693908263771,146.28991766538508,0.048899535568557154,32.325975741923216,33.008292337985,0.1305338768560905
6.506370794977254e+16,55.852343329793044,0.0338687174137128,23.225748519752287,0.02159588310494205,20.77940493250167,0.06924920221511892,-41.47551359892305,0.04912860559757815,7.319489837971838,0.8888336268900687,7.177491635999278,0.03786467709949334,10.34908,10.759299,9.798207000000001,139.32443961124537,26409.838313750755,7.480774796551547e-06,61.624400255487956,11.70477252005144,146.8052144077969,0.04638967447227158,30.63564099409136,31.49789565363096,0.07624195749522567
7.137126256100723e+16,55.01294379722028,0.07543939880630206,27.740322574571948,0.06340970344556636,20.52742020693798,0.1961632909468767,-44.74955376826044,0.17506914743429725,4.448251850748033,2.7802152583080284,7.177798680087074,0.13181920527943916,9.496122999999999,9.771803,9.097683,139.3184797414615,7586.147996266047,4.5462690802792656e-06,60.71500496581417,15.309890972277381,143.86474882174076,0.04923309397966613,32.51203828146188,32.81492918997275,0.2097361815007284
6.67882919388183e+16,56.594550492379376,0.04707022804619192,24.5699559994792,0.02457423526864672,19.46279192281871,0.10114782234251232,-44.976167095363294,0.05728614790010269,6.2722288068518495,0.5581040392127039,7.1804702892911765,0.04851671295435178,10.296782,10.640158,9.811332,139.2666440652755,20611.45405586063,6.41043736861083e-06,62.00088158205124,12.07657625076717,145.67708143388634,0.04900669215546971,32.35048840232124,32.952920266255965,0.10918489010736909
6.519637090014797e+16,56.22443016925663,0.035486517325557375,23.92109210741919,0.02063168982418119,21.22635456285068,0.0681451730540929,-45.33521506808815,0.04701551175082176,6.7275788210466745,0.6437201331513609,7.186253009391363,0.038605566926168115,10.587136,11.041306500000001,9.992697,139.15457731493018,25902.99999770674,6.875821020368438e-06,62.120639770048484,11.32797681072804,146.03039833529863,0.05005836446886432,33.018131601034874,33.69654776407597,0.06739634675630861
6.698036287737843e+16,57.4705710357224,0.04231381046447022,25.647252789812327,0.017210901642436868,18.61811650835596,0.08203164895083298,-45.96608459946664,0.04966809021096225,5.481008133707953,1.0238402610093318,7.189164418784616,0.0423782369558238,9.428313000000001,9.721998,9.000336,139.0982236248615,23597.017522046197,5.601782147934208e-06,62.64227006582128,12.87889595662715,144.70000577279572,0.04959349953092684,32.69826284155763,33.154454346548384,0.09147517831201095
6.493375941776998e+16,57.18298747936535,0.05357662366526415,23.259621234550853,0.029632280578046555,18.671869797953605,0.14162388483462007,-45.196340296770714,0.07402480665919245,10.874139816486368,1.007072816345246,7.190476035118598,0.05343906782311049,8.324233,8.473527,8.081763,139.07285068693037,18712.901267479363,1.1113751487342645e-05,62.36961797879691,10.705082263225654,150.18660217427302,0.04890140997939867,32.236069235230616,34.020744796183926,0.15868050422280888
6.65011819665248e+16,57.38808968139058,0.04457426203511257,23.795201753088413,0.018727213762313268,20.03721550730952,0.08910530753679748,-43.700613764890264,0.048507806328715576,6.980154423206353,0.32479572444485266,7.191551866542106,0.04719799987649876,10.747876,11.127181,10.232082,139.05204586681612,21187.33850198446,7.133962125921705e-06,62.95398287786545,11.65614237395223,146.1860079927378,0.048075291457405446,31.686746579451597,32.44645534665065,0.09533858077274344
7.010847345681728e+16,55.400770704572935,0.04537037117990308,25.619138502559604,0.02579446216974126,17.376789781333542,0.08618986413739416,-42.909055399175756,0.06327214137246076,3.1839153616040594,1.966785052438749,7.192181378088048,0.05121996258366315,9.927093,10.253125,9.465684,139.03987502965862,19523.637846603087,3.254072936597005e-06,60.22765675494336,13.699956447233005,142.29394796625562,0.04629405856429302,30.510053356452296,30.675734267388357,0.11177679760038135
6.489901742687296e+16,56.69617935087971,0.04721010993121705,22.91438594245279,0.02619257190029795,19.021026386995427,0.09636399850363844,-44.98474233986267,0.059501995740657426,7.074646537057674,0.5548774638167202,7.19306083689944,0.04992055762437193,10.343406,10.694693,9.854905,139.02287533425738,20031.82751932614,7.23053637350174e-06,61.979797791711775,10.418624181379824,146.2534117077591,0.048840828086741214,32.18456375950012,32.95294778944109,0.10720556201237384
6.831056148971034e+16,55.72974253767833,0.045241033331951855,24.49287507302488,0.02606213874358649,21.23009940602011,0.08834246723956964,-45.104196409404075,0.06404170079188945,6.611129381816382,0.7376251606231908,7.194996006933928,0.051159343363142165,9.363033,9.634545,8.969191,138.98548366618755,19546.771601459834,6.756805617744706e-06,61.626992372683915,11.963931625968193,145.74228928393225,0.049850834040441036,32.8412904084966,33.50011025949507,0.08819833682679615
6.675424143829952e+16,57.55177249919621,0.04810759095656847,24.532732691816317,0.020301960570414952,19.223545078016887,0.08875333573220813,-45.52977505122815,0.06572430092466143,7.008792512886092,1.5954776370644668,7.196010438933341,0.051734247321759734,12.73605,13.405672000000001,11.961775999999999,138.96589068153565,19329.555406122512,7.163231255907538e-06,62.89164613197868,11.885572955364054,146.1291219374432,0.04942170678539931,32.553995321540526,33.29993669488834,0.0978784418488287
6.575062784019226e+16,58.8709466711535,0.026618310669837542,23.772248541427413,0.012395465381417102,17.823353602834313,0.05331212815854786,-44.92779464482843,0.03478729199816556,7.026360583494803,3.9652880411083298,7.204360986820519,0.02851189884766693,13.507581,14.35394,12.612006,138.8048158371541,35073.076168752894,7.181186438952111e-06,63.82187822749636,11.292305584530625,145.9860022761062,0.04833403216471332,31.80064309379515,32.56763184863509,0.06392456166281016
7.025268127808538e+16,56.06412321090573,0.05909834852671893,26.33102706608452,0.028198598673957177,20.067212962272023,0.08800326545144893,-44.74909239506115,0.0614305210805314,4.742902471883613,4.358183465571295,7.205157853337753,0.06240334024402034,10.866058,11.265806,10.33346,138.78946448574405,16024.783226180312,4.847412327851569e-06,61.63834903375907,13.900723623011977,143.63687681359562,0.0490425764642815,32.26325046202944,32.61000543136174,0.09369952877502997
6.645276909150502e+16,57.45992114123093,0.0504357343967328,23.705394606429724,0.0192027777724762,19.715913022064786,0.10414094510266364,-44.02417406406105,0.05239362906397167,5.911406842677122,1.1245987803785793,7.205443261054198,0.05001566000376901,11.34111,11.799698,10.765959,138.78396703295866,19993.73795976387,6.041664692455513e-06,62.93656364736004,11.476457366412765,144.82563172541415,0.0482373830997948,31.73228732906228,32.278209212932126,0.11224673128359086
6.480820463839091e+16,56.66006061831633,0.04931472985996811,22.919590210539,0.029673716116768938,20.21955248445963,0.10142887100621756,-43.55180219074913,0.07126643216454558,5.593061438233344,0.4487822428516325,7.209941658161527,0.05409222676517463,9.299754,9.571235,8.906454,138.69737751178855,18486.94460927267,5.716304547024817e-06,62.27660297511067,10.82186737977535,144.41368205881335,0.048016557318637056,31.56731253611493,32.05896999288361,0.10988966511646381
6.508659153549158e+16,56.00257003002664,0.04786452270819936,23.543750194551095,0.02421806184658851,19.457629797672396,0.1193205996167761,-44.681121606225226,0.05850560845636565,7.311315326236238,0.4386861762945273,7.221583066446017,0.04430960538664837,10.823414,11.255934,10.259742,138.47379318342917,22568.470002698916,7.472420159449853e-06,61.40746719604675,11.1323275261552,145.94621334287902,0.04873399209313306,31.987324717588983,32.81225798978388,0.1286692549382295
6.51078602135881e+16,55.307633470072844,0.029271848418704095,23.38474831702237,0.01529987521241516,19.587098745840148,0.04975727889296597,-44.44957542395308,0.03471888962960567,10.233061099309072,2.8061831349360498,7.222542988228997,0.03252445491399933,13.502792999999999,14.343822,12.617792999999999,138.45538913783673,30746.095596196305,1.0458546600632348e-05,60.748494232806216,11.03764403259096,148.9139357384691,0.048573852973065525,31.87797753056871,33.480158167213546,0.05471420722026817
6.516417152830579e+16,56.34253915741324,0.04356225245697104,23.471516531056885,0.02612487770226025,20.347354954811102,0.1088567413845912,-44.586574291406144,0.061256507689502235,6.3918316789444125,1.572706281724744,7.222663277932796,0.04946186787320729,12.207972999999999,12.8083935,11.485186,138.4530832352759,20217.594745177103,6.532675689989953e-06,61.994582200416325,11.086357005666288,144.98575892526586,0.04900997307385667,32.16365811761468,32.792627459823315,0.11270181509054139
6.384957223582925e+16,57.84954625619505,0.042819409841084066,22.113190850591348,0.016932873481129825,18.65174140083014,0.10015783729946608,-44.56498619403534,0.054478237479866715,5.276589193952437,1.6053912926453635,7.225664256239865,0.042984465825779236,12.748113,13.432514999999999,11.9576,138.39558060512294,23264.218381894283,5.392858836841179e-06,63.03058553420342,9.734028018914863,143.78843944196413,0.04831071777316087,31.69159182106078,32.127859961012994,0.11399702425218061
5.169474606862413e+16,59.59016429741043,0.04758953407192048,21.25747514453145,0.019476973423566853,17.78709460121197,0.10860271469401236,-44.89373745360479,0.04739885457135901,7.798483952523547,0.5632552695554912,7.2266166522259025,0.04500396410709885,11.226496000000001,11.690863,10.652683,138.37734144815687,22220.26481090055,7.970323546417404e-06,64.5310239088582,8.78699251853012,146.34766499457427,0.04828900906941105,31.673176259945514,32.61911167324063,0.1283173010325232
7.016925153671462e+16,55.49621446414425,0.041109036822443865,25.920723849000822,0.025575001080705442,20.789880852394397,0.0806670308902075,-45.05592955279862,0.06206803044554745,5.9786173039892985,1.6951581538984182,7.22856591890188,0.04595817116212141,12.46172,13.094796,11.7152405,138.34002639238767,21758.91630831901,6.110356136282703e-06,61.27118136758714,13.405187862112317,144.4503825286704,0.049621123865985814,32.53814515403957,33.082846838398126,0.0829767404145457
6.521485643947264e+16,56.46043864888395,0.02201582334865536,23.87376023328266,0.012354330468434477,19.870681802548013,0.04335254585940656,-44.65505247258298,0.028544019209125988,2.3697467389454143,2.0852666247349325,7.228634926228119,0.023471943099108657,13.138794,13.944923000000001,12.262616,138.33870574534564,42604.05692777837,2.4219641083380768e-06,61.98007248292507,11.469578990898498,140.7606698536837,0.048876555797511476,32.04960228930688,32.13709237795926,0.04651403219526839
6.693985274587674e+16,57.070389461708146,0.06710337273427132,25.21492600799203,0.03721812823146696,17.802588473013703,0.13933887168307854,-45.60886049760792,0.0795884940565056,7.023014095493872,0.7413145432994459,7.229880099985371,0.07634742080056935,9.103162,9.3168125,8.657421000000001,138.31488021523668,13098.019415903342,7.17776621108808e-06,62.015552926434175,12.54579809198983,145.49264642632477,0.04896019109674451,32.09891486292263,32.858226707518185,0.16378730176584755
6.523378865526157e+16,55.89348889496024,0.04343588805304538,23.761720102910537,0.025680698406696758,22.965259563814165,0.10933124202754764,-47.20286060406893,0.06417200719078534,4.6642708878463415,0.8701827225632037,7.235269980871815,0.0469583921514286,11.203339999999999,11.682609,10.608952,138.2118431853603,21295.448037813137,4.767048096860036e-06,62.2727276626864,10.649814379558057,142.97889128222033,0.05249298235041062,34.38941974504801,34.70428811136037,0.0943179610177378
6.839041781846387e+16,55.61507853597353,0.052081703494171794,25.046834235084876,0.028392650300649105,19.562693114712204,0.12076758731048777,-43.14152136837279,0.06518518684199909,5.8961694773985895,1.0143563873717054,7.238080541411509,0.0576460296724398,12.372397,12.960649499999999,11.65422,138.15817526188906,17347.24846936152,6.026091571833068e-06,61.049159956726925,13.063078299425767,144.18426683372212,0.047369714247377244,31.020992961869105,31.576364877017422,0.13416970453395732
6.409565668249472e+16,57.912739789745615,0.040824269887746345,22.750080983622308,0.01703704684301463,19.770033525087346,0.07858333247663106,-45.595501133329705,0.045716368138588516,6.008293631235973,0.4592566865066637,7.240205875653891,0.04434213044739576,11.855584,12.379594,11.199803999999999,138.11761946751082,22551.915974951324,6.140686381400258e-06,63.404415768936545,10.084664002141833,144.25830584891108,0.04969712214185594,32.53558848989532,33.08570855736597,0.08248725083235925
6.833423534944653e+16,55.12810756693859,0.04908981547488071,24.487119845941066,0.03558228730976079,22.009030694230653,0.11279827717372025,-43.78479689809163,0.08725295280584959,2.9462418340461696,1.0447805163305,7.240471737447157,0.05444019292824428,11.5116625,12.009824,10.884976,138.11254794740483,18368.781339883662,3.011162272859377e-06,61.24172720422488,12.324676263137837,141.1237102202642,0.049005161682283235,32.081399499519534,32.21640164252451,0.1122102169610816
6.958514028099776e+16,52.824848116632175,0.03754873958964707,26.028618694550023,0.022375965161561814,21.20589914220553,0.07094166513465283,-43.590074587412566,0.05137596937000847,3.7733807875185015,1.7013764549234316,7.240981659166532,0.04225046965831901,12.316703,12.903853,11.60919,138.10282183688122,23668.375951487265,3.856527233171472e-06,58.715375656133716,13.920264642490977,141.9593490700527,0.048474578502196226,31.731816612121847,31.955384336179495,0.07317078905548699
7.024278567353971e+16,56.28429066108389,0.06327153412673046,26.292318169521504,0.030543570016051805,19.92010804976628,0.10072620720632453,-45.810771637052405,0.06559172936774517,4.357254798435328,0.4829672612908128,7.2435427972479935,0.07026563700670346,11.219108,11.672084,10.6487055,138.05399208518867,14231.707597052002,4.45326690791885e-06,61.817654008241185,13.567103825895838,142.5072589931075,0.049954354191567005,32.68892660618886,32.97804712294664,0.1052023241828106
6.49905861300695e+16,56.90846391290383,0.026525412192808944,23.46785524272098,0.01658692497517691,21.241087169520945,0.05613705157977838,-44.87994543293864,0.038723866272179344,8.372285978483418,3.539813823548706,7.246241760007567,0.029318422244732294,13.131453500000001,13.891564,12.295084,138.00257197035,34108.24742384192,8.556769300019301e-06,62.80876590443742,11.001203733571357,146.55934127036932,0.049652726875839735,32.479447027342154,33.54116354134775,0.05599157337646576
6.305204834738317e+16,56.257019927647505,0.04886087232960168,19.559181488384247,0.027486702811284874,20.756510909254324,0.09457489042086142,-43.2211183482763,0.06368997972831647,11.648219751708064,2.8549899750089045,7.248281769005624,0.054475103910165835,9.295419,9.574016,8.887671000000001,137.963731525463,18357.009500139487,1.1904888273936951e-05,62.02271740244037,7.55331528052972,149.86861979939997,0.047946822797779835,31.354733066986554,33.448472447722665,0.09987643277469702
6.444972948799091e+16,55.60019399966197,0.04782524480610192,22.420947573636518,0.028485545845116624,19.637175165763,0.09650216213900532,-44.455727466247204,0.0649577611395167,6.5902802104213025,1.2717279277631637,7.248339176123128,0.05346053196593,10.203439999999999,10.559966000000001,9.712268,137.9626388475468,18705.38812889652,6.735497034857936e-06,61.05496487904058,10.07213438856785,144.69813588240473,0.04859969498920857,31.78142587583231,32.457523379840524,0.10549219023232247
6.467190385261862e+16,54.59417918101281,0.0437685364019495,22.499485411852838,0.02795931761319994,21.402713163259595,0.09710749819728264,-44.94511416371871,0.0675828165656146,6.275913961753321,1.0322209891609793,7.2483508364937,0.04919588427574302,9.933844,10.245891,9.495744,137.96241690802836,20326.903657122984,6.4142037259005555e-06,60.539377281918256,10.014731477486528,144.37662063392892,0.04978091419347855,32.55382342823127,33.15325799754512,0.09601746241357055
6.656536595767642e+16,57.58720452276468,0.051548810957747306,24.466551357441077,0.02137360481638664,20.32699106349392,0.0953147270400852,-45.55765618167818,0.07247427058313767,5.164913010962211,0.6773219002519683,7.249936899172198,0.055241235434057664,10.910271,11.315814999999999,10.381776,137.93223498458042,18102.41918274467,5.278721869158763e-06,63.23359092929077,11.81164686253047,143.2109568537392,0.04988673774124103,32.61588896318283,33.02230366387963,0.0992563953655001
6.696026243059482e+16,57.57372858152974,0.065313037091476,25.37937007962121,0.02283833695514136,19.44745285444664,0.11464944866480115,-45.99995386504494,0.07090763543401789,4.692289788335927,1.129184821097852,7.253398035975453,0.06632473560926166,9.518376,9.797171,9.110006,137.86641723509356,15077.331116573027,4.795684393821909e-06,62.97579881887603,12.601605117108727,142.66210162891548,0.0499419580924916,32.636411263286604,32.97200211700986,0.12201243892336398
6.487940231281894e+16,56.2135774253671,0.049589910857104284,23.268730594572727,0.02822065930194584,20.623468538181776,0.101162068211636,-44.131290897235424,0.06699059342203177,6.50534382278754,0.7724395634094716,7.254132800335653,0.054720980938503534,8.877219,9.099882000000001,8.545056,137.85245287399886,18274.526202734174,6.648689073922664e-06,61.94231868597315,11.010038678673997,144.50114194792152,0.04871240387008003,31.82968946108839,32.487668882854635,0.1054085460707435
6.558848423545459e+16,58.26896363124449,0.02312532804002406,22.80115890668541,0.010980555105380265,19.096014831647363,0.0485268066699982,-45.55594097365511,0.032263921614384114,5.2323286407376335,1.5627215509145196,7.257331126185869,0.024436772703345398,13.112014000000002,13.877029,12.264071000000001,137.79170091768373,40921.934010668265,5.347623002336288e-06,63.573412195590976,10.146730858447878,143.13932392002002,0.049396371733616676,32.262383780798494,32.68392066787908,0.05340565987162786
6.498512722860813e+16,56.61581291093778,0.04447601952668097,23.5925211352823,0.02528702157452777,18.52474966018847,0.09305585108515584,-44.74323224455684,0.056091407387248056,6.2454549870444005,1.2260833258968584,7.258132997063344,0.04840252922116205,12.594947,13.314317,11.719814999999999,137.7764778359121,20660.077398657722,6.383073587683924e-06,61.76157670543458,11.163845511794289,144.159551423596,0.04842647191013407,31.62541619820255,32.23620104331045,0.10691243140305623
6.519022050707021e+16,56.37331636804271,0.03764223848624425,23.760308671851,0.02171654092155276,19.287092760960515,0.08207937845088918,-45.697785148110704,0.05027721135165332,3.8875569582188154,2.1867775840070585,7.258553033682535,0.03838765592586085,12.866021,13.606271,12.044215,137.7685050118953,26050.04071963466,3.973219275793167e-06,61.730842134976186,11.06647946404247,141.74172428768844,0.04960120476977129,32.39071334434213,32.62317289993018,0.08861844313380404
6.809702001232435e+16,53.53056379661392,0.04421228988260482,24.344251198562908,0.02691552352568138,21.672347915431036,0.08232486547343666,-45.15427470052718,0.058081717659765386,6.067699435989058,0.7210513238710402,7.2606586974917535,0.048839588967593384,9.426758,9.710587,9.022453,137.72855076433453,20475.192792132868,6.201401193061078e-06,59.550660439789205,11.801397115083136,143.92995195739562,0.050085918059851485,32.69775670432079,33.25598096494008,0.08007217351003776
6.49528290746889e+16,56.66674429658588,0.055048321953701886,23.11013054712608,0.02945617438308106,19.136796077787388,0.13153693868175592,-46.81241788085042,0.07306980558207793,6.401458499040787,1.0090050201236518,7.261209262168321,0.05789659106334905,9.288032000000001,9.552181,8.9032,137.71810781023862,17272.174088899712,6.542514637067151e-06,61.98252098486016,10.10668113577874,144.26062244730576,0.05057291203771227,33.01317926584215,33.6280935551448,0.13937331319435
6.508947345712678e+16,55.952610755152214,0.030710886261162113,23.53919962873182,0.015159849652198888,21.603871507820987,0.07149655650837314,-44.348315552850906,0.035986098068394624,7.786758084797987,3.8123304857895848,7.266316562686564,0.02885241347268836,13.43174,14.268285,12.543403,137.62130941763863,34659.14561867062,7.95833929919651e-06,61.95368617399138,11.220223086273233,145.57964871683515,0.0493305215510811,32.17953279834426,33.10824568881416,0.0690740690880957
6.40661073075433e+16,57.72446672299439,0.04906419212349144,22.54787159770948,0.017942646437690616,18.01936542990532,0.10844375565212888,-45.10352951918021,0.04894570385766138,3.3572616365695893,1.0759015786423014,7.267364722986808,0.05236530798162815,12.386156,12.999336,11.647309,137.60146051800342,19096.61259608824,3.4312388967314e-06,62.7298460090792,10.019113397937199,141.03269941473482,0.04856980446310267,31.67872838787268,31.85613030436987,0.12590610701122357
5.378385252207386e+16,60.9341274763887,0.052098720765047055,22.94409144401005,0.02195608236484721,17.562811825661527,0.10501242028610737,-44.87247705333419,0.0554817033443294,7.87028977268381,0.647502602921734,7.269082203884053,0.05706301208719899,9.519195,9.854682,9.046169,137.56894913991687,17524.48676336753,8.043711607824897e-06,65.81268631685023,10.479514484750553,145.61266074774176,0.04818704759710434,31.421656710420915,32.392313463745545,0.12670934875079193
6.494121118603635e+16,57.14388404828172,0.0422783395404118,23.434597227659378,0.02400257578414509,19.554186321555807,0.08281815851476759,-45.04187860767936,0.05336540558843246,6.018530517737679,0.757601958328712,7.279304144152577,0.04626521855154148,10.211149,10.542378,9.745937,137.375768369741,21614.509372433986,6.1511488376960284e-06,62.57560247093611,10.922964281081777,143.52691720743704,0.04910333014375953,31.974180535977023,32.535687030400815,0.08956446160710597
6.981902702048909e+16,56.35062643985072,0.038765800179222175,24.885785528205194,0.022140501300143542,20.48187669492969,0.082525791560577,-45.51997762406358,0.05075413068964835,6.101523650788777,1.02122955982611,7.280298495834877,0.04073943421077142,9.562553999999999,9.845963000000001,9.154715,137.35700542664682,24546.24172801109,6.235970724433908e-06,62.040036632886746,12.241347299298642,143.59297615108073,0.04991568526867635,32.49871530801753,33.06652518080344,0.08375398474578126
6.519458419375834e+16,56.26374877792856,0.046520146067999785,23.83921565790512,0.02490008541084564,20.394404610143575,0.08287188211566604,-45.78319522073308,0.053607749143393925,6.360146226025325,1.4544560311211208,7.280531682174003,0.04980469614311557,11.689589999999999,12.187921000000001,11.058002,137.3526060532704,20078.42788813457,6.500292048115793e-06,61.92886116963511,11.121661429923712,143.8528981013862,0.05012018260164264,32.63081267999463,33.24487022343932,0.08437317006202033
6.520770961387174e+16,56.8499255516615,0.04132025390515787,23.91427751686095,0.028275815742381336,20.21930309521607,0.08655040190973555,-45.285192231265185,0.06251544388751963,5.414289221749615,0.7082521961747987,7.283048225972547,0.04568131397836342,9.73422,10.093467,9.255037,137.30514600107077,21890.788878657077,5.533593084750868e-06,62.46639863366596,11.33505745262062,142.83873908582163,0.049594040499629136,32.27711044531098,32.72806725847949,0.09068992373500698
6.328992081587226e+16,56.580679616866824,0.053895838721845515,20.879594820601184,0.031482149327702325,20.39384939304169,0.11590812559382188,-44.116637782849004,0.06827143386463366,8.38931597614623,0.6768790685997682,7.284576850934338,0.06329066008329359,11.309966000000001,11.779496,10.722567999999999,137.27633333592158,15800.119617712175,8.574174553680613e-06,62.24563778160063,8.624973214254238,145.8505078896022,0.04860233350703613,31.625043641869578,32.71886318162319,0.1211958359055352
6.815086172217485e+16,54.86596958122946,0.05015882734167961,23.894801436053733,0.030516806109072037,21.19717278934567,0.12856973019297474,-45.3917012824864,0.07726571906625374,5.001147465832787,1.1952120798722965,7.284990182913513,0.053505745041997566,11.309817,11.790186,10.7073345,137.2685446228105,18689.5818236917,5.111347750242413e-06,60.75407313382548,11.285995524251955,142.3798923730529,0.05009717237110149,32.59587056081009,32.97729906453971,0.12575051096039955
6.459792733580006e+16,54.1015102091953,0.074260863986013,22.623601469390078,0.05396984744148707,21.422236685630445,0.17196238144479634,-44.508003213830605,0.1214972773541216,3.882082632849112,1.6944059753772067,7.28505557153137,0.08401065505020676,13.518312,14.3831215,12.611022,137.26731253881061,11903.252026809889,3.967624323663942e-06,60.05213151075931,10.260267243326021,141.23493686247457,0.049395086544083776,32.13876790918436,32.37237971309318,0.17165146801518727
6.683845286127027e+16,56.66165616813511,0.04615145236901634,24.95944340320939,0.026749231744180813,20.53270969974005,0.0877848983515242,-47.04149255975099,0.06355897706200474,5.359732745295679,2.6961043776931386,7.310854996994012,0.0516061537574161,10.101808,10.438332,9.629901,136.78290711704278,19377.534018533486,5.477834456338269e-06,62.365186640285124,11.892362136611894,142.26074157338104,0.051327324008396416,33.27812080800845,33.70697345674037,0.0873566617357387
6.52844692692567e+16,56.424493688583844,0.052379672309715096,24.431322983978,0.028520385895030514,20.525375688879357,0.1157984991745174,-44.73346786958002,0.0658552818363919,7.442444676913893,0.5739106302386827,7.311593601835325,0.05783044198054312,11.089139999999999,11.531747,10.515414999999999,136.7690895386998,17291.930785112225,7.606438945369691e-06,62.12598693549478,12.005359686872438,144.3755284840695,0.049217620775575774,31.90706912617099,32.76356273348761,0.11846646115229761
6.996487981301325e+16,56.83708938984945,0.05216301154480951,25.52564514744925,0.023879444674586088,19.161459550170832,0.10276999245988976,-45.5839573529475,0.05220255690421122,8.276603207570933,4.5652194568425575,7.3141831922758005,0.0505183036919174,9.691098,10.004301,9.241182,136.7206663699725,19794.805583703586,8.458978159249758e-06,62.159717042674686,12.8634347716305,145.17964452922226,0.049447534822761076,32.044769579658286,33.0963656323314,0.11091087156780466
6.673709592881165e+16,56.91861361754714,0.05656707093650721,24.36436236976605,0.03336411625655139,19.26661481450498,0.14197297243323245,-45.569448257497164,0.07709998551670154,6.204125473931089,0.7997357202630603,7.316612651236727,0.06214386893233306,10.398833999999999,10.756931,9.904204,136.67526868884744,16091.692023373625,6.340833378749161e-06,62.27045106602074,11.706182298239058,143.0161020675966,0.04947501451139973,32.05193167420108,32.64686044543847,0.1528165513300132
6.491345281448922e+16,56.95058341387045,0.051348286547474836,23.21789013771287,0.028079266216882327,19.93002399588469,0.12400642412056127,-45.88409478633703,0.06627042212536542,8.007123070113419,0.8338229956726153,7.318577435027177,0.05479782369546764,10.942969999999999,11.358178,10.399769000000001,136.6385761273682,18248.899911744316,8.183560026963369e-06,62.48670119050509,10.472308252619252,144.82213615433156,0.050025553578527254,32.3998927479188,33.37464711328921,0.1276851584694038
6.648094408077018e+16,57.82036807149628,0.04193537829340183,23.82640608439269,0.018002037276584226,20.082544950540555,0.10440676747708794,-46.62797011808706,0.05394504225781667,5.917992995300152,0.5874478172386723,7.320482855682977,0.04570978403635257,12.0959635,12.653454,11.407518,136.60301099178017,21877.15433537619,6.0483959709515915e-06,63.39885277997977,10.87419216270184,142.65140696273176,0.0507688507750934,32.872743153428424,33.40119583972552,0.10490789088668014
6.832214501842995e+16,56.05809553466943,0.048432628378041534,24.779201509532424,0.025378208789002796,20.585199028880133,0.10119096044023483,-45.21626903473133,0.06088003727058412,6.1164857602068565,0.32663681742627515,7.321028086128957,0.051354550524652695,10.597236,10.974874,10.081461000000001,136.5928375407663,19472.471081602613,6.251262523933015e-06,61.77620637602502,12.219126777662607,142.84410006469932,0.049681600260859264,32.16635457015304,32.74272078474265,0.10258873932825245
6.497193308909376e+16,56.53493098403281,0.02765057661339261,23.3473274823736,0.015794002415679985,19.54089034654103,0.06344353151971711,-45.27441688453777,0.036006680745414466,7.531937365717724,3.5691902319591486,7.321200250582909,0.029879853794674543,13.239692999999999,14.032303,12.377947,136.58962544022486,33467.36590050615,7.697903605571314e-06,61.962956080294205,10.771100570001998,144.2875290457962,0.04931145120324953,31.92595075988979,32.802384248770736,0.0677873735198303
6.65174684823703e+16,57.07140079253329,0.0490675089672555,23.890156819056802,0.02784021629484285,17.903006893190323,0.09845964723532108,-45.55319758318946,0.06230743374035823,4.970049248291519,0.5457421279649443,7.321315034901866,0.055875837940246656,10.239899000000001,10.57283,9.76779,136.58748397423716,17896.823329421833,5.079564283477623e-06,62.044458262863934,11.236490823726397,141.66704825771478,0.048944984072637296,31.688190359016634,32.07557946101236,0.11578619670210638
6.50102399004055e+16,56.77834078756288,0.039610541015946674,23.71495856720168,0.022598857027500942,19.493448311788534,0.07749962168598676,-44.23531575224529,0.050209654584410415,5.4898581009517216,1.0457339964279448,7.322029970324941,0.04507180595857068,12.001294999999999,12.543378,11.31044,136.57414734067547,22186.818982118995,5.610827124206193e-06,62.19318754083747,11.427370858244654,142.18497446488166,0.04834002158445124,31.29346687174655,31.77136463581135,0.08553019709449762
7.012180503525414e+16,55.51973208912101,0.043845221102070016,25.885679538339478,0.02783702992912305,21.05930152821926,0.08347333676959631,-46.8826508226653,0.06339061239493482,3.1721713102118163,2.1851430105768435,7.322692224128145,0.04974115570099368,12.415087,13.0510845,11.669450999999999,136.5617957702793,20104.07651183752,3.242070105032334e-06,61.369538069181914,12.862720976488006,139.80386587531163,0.051395302596797865,33.26832903151642,33.41922182473089,0.08148604881588134
6.508933601817344e+16,55.90729777834086,0.0520156943870869,23.535794116465322,0.025977987390330786,19.362988587904802,0.12057952118380545,-45.381398512129365,0.059502243940986535,6.155362775824141,0.8553208228573371,7.3233206362398215,0.053499147142475965,10.576406,10.948258000000001,10.071521,136.55007744047825,18691.88675731326,6.2909961945894265e-06,61.28590571942553,10.929850085318275,142.8410736350677,0.0493396053690342,31.93492966727498,32.522733952664574,0.12898066201872863
7.004947778609306e+16,56.53968415472373,0.05063994979017575,26.13865485385045,0.026417662829374088,20.2922551216118,0.08556183845200108,-45.95630725229785,0.0572966935647476,2.5456009439706087,3.007487955561841,7.324941820468919,0.049587940030496436,11.52206,12.107242,10.819492,136.5198556534041,20166.193622582487,2.6016932607710013e-06,62.17642168850479,13.373013950434382,139.12154891417512,0.05023701617520873,32.508579932344844,32.60809490576838,0.08752396148079244
6.523210502817216e+16,55.88323237729153,0.05455544948661591,23.67386006144805,0.02880592873830445,19.281327506663878,0.12024659140447184,-44.3885143895463,0.07340939772678083,9.04713897539344,0.30951774605979004,7.339939457025911,0.05617297002751686,10.645163,11.023655,10.1265955,136.24090578060336,17802.156437698428,9.246492682716235e-06,61.23915668469816,11.343717175462965,145.48739846331958,0.04839534895142499,31.252840077607836,32.535991402700695,0.13331819256596802
6.657055427731699e+16,58.348868684258974,0.04990277512312508,24.064842883805184,0.023224713450226725,19.52194254290721,0.08985488051038727,-45.25666863266785,0.06547171211683883,6.122747250185325,1.0624719965738705,7.343179615797544,0.054446676698139296,11.162713,11.615669,10.606297,136.18078983778062,18366.593897808547,6.257661985843159e-06,63.7716305017332,11.49354604139745,142.43845182362378,0.04928764851740923,31.81502648660813,32.39882627863591,0.09788982001156128
6.524474941176653e+16,56.147627711146285,0.028061202515383275,24.00114057915761,0.018031629511031,21.59764934661252,0.055159883783329575,-45.79327791928665,0.04126630327445356,5.641050124849571,3.070369086545476,7.344656725347309,0.03175825188549437,13.693971,14.590526,12.763954,136.15340204381204,31487.879232318566,5.765350664350631e-06,62.14697475187199,11.280785601577985,141.91875270816266,0.05063084790809116,32.67548478557433,33.158841241565796,0.05349097742432117
6.68094918973609e+16,56.72891569970928,0.039282062959295996,24.796140939507517,0.02269441245524289,19.417097992724546,0.08093424778696051,-46.25147740122893,0.05146558306058318,5.696227478836143,0.6976280799471523,7.3453420842274735,0.04348594579427713,10.409135000000001,10.760566,9.917135,136.14069821843734,22995.935393259926,5.821743851332297e-06,62.12255403102166,11.948508328055034,141.96244206976962,0.050161966231951655,32.369863406362704,32.867233903041296,0.08600471481957445
6.528962322997914e+16,56.02025980630785,0.040116194743013985,24.27532545177704,0.0229873808044201,20.28899991680752,0.07785416216591354,-45.364692192966864,0.05163316018095479,5.687444228944184,0.608098654389435,7.34694822960917,0.04439041663862625,11.209154,11.678761999999999,10.60839,136.11093596248142,22527.384866441007,5.812767062528969e-06,61.65609311653216,11.674022064841798,141.92370302501038,0.04969505825921571,32.06155382984277,32.562098455739246,0.08054122855454346
6.518809020329574e+16,56.27210738288761,0.04495474382694028,23.70247235332441,0.02505647961372208,19.739668322623263,0.0948974657149123,-46.49198779378069,0.059747000642088925,6.535935211002932,1.4767071199352677,7.3495255239429405,0.04747693507442244,8.880561,9.098552,8.554127000000001,136.06320526981597,21062.859226958324,6.6799545433773815e-06,61.755348583616296,10.78803129949644,142.74315981319336,0.05050900349941809,32.57525615868594,33.22447535908481,0.09852203922355894
6.501054913805094e+16,56.8064793078093,0.040321255546173614,23.71409194049985,0.023541738742914715,19.961914105899996,0.08886485668399367,-45.48280163734619,0.05323061244880442,6.959985190749414,0.6661360209457068,7.349683243233597,0.04389217940050045,12.213566,12.790341,11.514126,136.060285444361,22783.101993531865,7.113348464427578e-06,62.35145544833708,11.07998037457035,143.1736339087886,0.04967054720408777,32.03381505782984,32.781194319528645,0.09267042280762326
6.522361817273395e+16,56.66420574689882,0.038368960303759414,24.029486245324406,0.0242194169027746,20.426449030539104,0.07728971478534437,-46.18604255464842,0.054875531943933416,6.21782493727225,1.197411644063746,7.350862523516928,0.0424525030657553,11.964891999999999,12.506563,11.2907505,136.03845763688184,23555.737065752885,6.3548347097650445e-06,62.33821936649302,11.20002998014429,142.3932923466469,0.05050138955372423,32.56442161975383,33.15272088953869,0.07853176576890561
6.58199657920119e+16,58.590037017154856,0.05124900737990807,24.075494611151427,0.01925358462854848,19.352111626242547,0.08341776983373413,-45.67717518237711,0.052146375963129404,4.911593867786305,2.1026233504145546,7.361745846217053,0.05508982186370746,9.590614,9.879438,9.175774,135.83734359885102,18152.173417332986,5.019820838662976e-06,63.965623580000006,11.38739039382445,140.857164437514,0.049607545363947604,31.94076105546918,32.316187447232274,0.08988837892360221
6.984087981404787e+16,56.26681028643569,0.04132241010814136,25.257653157550354,0.02589763380254183,18.640326499441024,0.08133877332870393,-45.35855946329494,0.06382493169937509,5.5566381897769705,1.218116215484022,7.361768810694915,0.04600624658529026,10.544441,10.921241,10.031489,135.83691986458956,21736.178763162425,5.679078712288706e-06,61.44467875850265,12.658053306635095,141.51599857687827,0.049039378958047844,31.57483781933719,32.0600469633083,0.09349338498025771
6.679976808885786e+16,56.52886151223133,0.05653072415156686,24.5626116251758,0.030002949913725232,19.70790275038687,0.134575846451791,-46.99518516147634,0.07026887806951364,4.1791711106252345,1.8671667351270005,7.361842907016075,0.05953895514433344,12.702542,13.381004999999998,11.922978,135.8355526775731,16795.72638746876,4.2712591460478615e-06,62.00327894289435,11.508393524765706,140.10681182362097,0.050960267455932295,32.81130428780442,33.07638372372011,0.13717177931120164
6.655653550495885e+16,57.40235227021632,0.0443170532989844,24.295865913811692,0.0205581973081923,18.17259581946608,0.09419046833201887,-45.98840935570365,0.0611656162157789,6.889558485614067,1.1659914036886678,7.365001264167707,0.047585307172363145,11.464658,11.949029,10.8691435,135.77730188115677,21014.890087350017,7.041369906844573e-06,62.45029555340134,11.521307759449567,142.81867178800135,0.04944873136780606,31.824432647926773,32.56164199620658,0.10821372055479726
6.50275958648e+16,55.51978035035536,0.04591970421732211,22.858364369102784,0.02814606236994993,20.971435755614838,0.11468741985822145,-44.80870662993477,0.0667135090150135,4.131781374067431,0.4137883925256717,7.368943783706068,0.047048808687755496,9.049635,9.310475,8.668248,135.70465854430353,21254.52328956102,4.2228251766450074e-06,61.34517917135948,10.411501416343127,139.92748372094854,0.049473440425135594,31.823299851149553,32.090404028919075,0.11456227640448018
6.678183230801818e+16,56.618481236834796,0.05465051104643564,24.433745378735374,0.02627065189070146,20.251502245936827,0.11880568525633367,-43.414526662688466,0.059212136558571514,3.496016223952348,2.9335721903096674,7.373470280478264,0.05528425887718751,10.8633795,11.273802,10.305752,135.62135086481115,18088.33147644202,3.573050941447138e-06,62.24389852737281,12.37415463909969,139.1944018062583,0.0479055786789229,30.79587145543713,30.993674001930547,0.12572579303987147
6.681145040245722e+16,56.58539698202637,0.026279697477030902,24.78528924307344,0.01608772786597789,18.603728513572886,0.05507453011790787,-45.134883561589774,0.03911934739500287,3.4054429709810985,2.963777257393101,7.3743396772264305,0.029137219667023817,13.357169,14.180535999999998,12.475019999999999,135.60536180455833,34320.364517543676,3.4804819068466672e-06,61.753099346907725,12.24782158707628,139.085843711405,0.04881860740255699,31.379107718991357,31.56335601720241,0.06318636093144518
6.829688631383885e+16,56.01485492190356,0.05452223424729022,24.504048116016957,0.035454581526683564,22.323330932648158,0.11883240169290445,-45.72743195815646,0.09059276925821692,1.265316257699757,4.5125753278210095,7.378027754105461,0.05403356097482512,10.528545,10.91307,9.999205,135.5375763453256,18507.016416443697,1.293197501438171e-06,62.215780180972494,11.801983683195717,136.83077384676375,0.050885451137003344,32.69126200496917,32.715739892436176,0.11162223315906912
6.98476100266871e+16,56.614067208259115,0.04977703854871724,25.135337435698997,0.024365970619729272,20.941524053302228,0.0871674276728276,-45.50812279661365,0.05142524322705614,6.248084999670532,0.5174428860129093,7.378191904384264,0.05501824371725785,10.404107000000002,10.761773,9.912958,135.53456090045324,18175.789200743333,6.385761552638272e-06,62.43115722306529,12.494192214417428,141.9203224530915,0.05009527592644543,32.1828994106609,32.78380058260216,0.0860976266930934
6.652389375343782e+16,57.10911287974154,0.058129551721068574,24.04818882161825,0.029442304051821293,19.62336018165412,0.13640983172850366,-46.308469107920864,0.06812952789865634,6.048730118470192,1.3935350838073564,7.379283401069253,0.05886686818564741,9.894127000000001,10.200419,9.458603,135.51451348990074,16987.484315393125,6.182013886630683e-06,62.560046263534346,11.18472518052912,141.6965273765314,0.050294637645957735,32.30619688726092,32.86757510624347,0.14127510469035587
6.49365081989079e+16,57.189367097367565,0.03761107614249932,23.33871889355739,0.021462646874401074,18.997039508462194,0.08373989726854801,-45.737877652644755,0.05137775419950357,7.338481046617472,4.030778727391923,7.379298209779048,0.04003077733398997,12.895202000000001,13.609607,12.089958,135.5142415405844,24980.778955568872,7.500184476479689e-06,62.46632251638484,10.63375287893385,143.0144260170641,0.04952616442098433,31.81251288155961,32.647959812382766,0.09184894182324775
6.678711941091507e+16,56.66214031086443,0.04373314404545296,24.52011396235759,0.02259235457212429,20.428912816402203,0.09460794483258787,-46.026776254695456,0.05180945982594684,6.284287614155296,0.737934044456396,7.381538623330803,0.04231171156818464,12.879779,13.598298999999999,12.072281,135.47311082804654,23634.11837851362,6.422761891733208e-06,62.3368383154206,11.734898336053298,141.89587271977976,0.05035677324114363,32.33622654341883,32.941217613875935,0.09464302546589742
6.438063635058854e+16,55.879799152116654,0.05335539529717144,22.15818094979032,0.031877267041704946,19.727239679518032,0.12154668455833954,-45.72460085142181,0.06422935814689261,6.731583751968099,0.6545539028189827,7.381557592590744,0.062282142441626435,10.228817999999999,10.613237,9.713229,135.472762686801,16055.966618958942,6.879914199942717e-06,61.359587951982775,9.456902935506484,142.3526768867437,0.049798625567328614,31.977733998318843,32.67858154016171,0.12690029273766754
6.648925913757082e+16,57.85177538535643,0.04002745356542217,24.08717860679977,0.017373529553940083,19.155921887809924,0.08433080186845035,-45.04113308878934,0.055477888648830916,4.590146213957873,1.3978843387656448,7.382369336356251,0.04295475045948813,12.792986,13.487478,12.003316,135.4578664975836,23280.31217276257,4.691290085782435e-06,63.172864798636965,11.575752748802733,140.14915658336605,0.04894540850063373,31.426392493052074,31.75984237040341,0.0933979056491175
6.56804996144608e+16,57.98900483956988,0.043517245659171984,23.3392277403962,0.01894924768329524,20.948647916616927,0.08710403747905217,-46.34572346557447,0.055623625386691994,5.614524413475497,1.0940488927933267,7.383240331014591,0.047075828013193,12.720613,13.405562,11.932260000000001,135.44188664688664,21242.324186411548,5.738240458926429e-06,63.808073705296806,10.465415666625512,141.18012710581309,0.05086031786257218,32.652046508076175,33.13123942075035,0.08509049261492312
6.524206935219098e+16,55.995108008035096,0.07327810305791496,23.882533452133064,0.03536093074619088,20.370574551212652,0.10919960233420953,-45.68132442500474,0.07629281697461664,7.141263853472752,0.3424697614918959,7.3856985145787775,0.08487960712938628,9.533586,9.838225,9.0952835,135.3968074957406,11781.392890705178,7.298621602484024e-06,61.6536009389275,11.193276667409526,142.69542909822462,0.05001743404823009,32.10023221508819,32.884989853845205,0.11225667734883574
7.015897797495667e+16,55.177474686189136,0.04192375341030154,25.705274685487637,0.024497040967232125,20.86963681652071,0.08249870662916924,-45.75393990784102,0.057684186253695764,3.1156900189169345,1.261980447577569,7.3876700793743275,0.04498591837890476,12.330361,12.934067,11.6065855,135.3606738329998,22229.17828590846,3.1843442484837695e-06,60.974596024111555,12.995846933309576,138.54501808148356,0.05028881344736426,32.26578517711695,32.415866753641474,0.08250795374150566
6.567737287828531e+16,57.71443860745304,0.04419658788448012,23.32887519993769,0.017242218730130418,19.040713695001475,0.07433892359708205,-46.31543308031771,0.045645044171702086,6.191098220708311,0.7021784149201246,7.387685649164162,0.04763656425184423,12.204215,12.780951,11.503778,135.36038855593964,20992.27800546689,6.3275190700016194e-06,63.00352574495345,10.463477122071659,141.68790762594125,0.05007662248427309,32.12957370517106,32.72062352178634,0.08041026573042183
6.51509473253696e+16,55.36604084050182,0.04695506698640774,23.70814343520473,0.026837532612062908,20.314598135144337,0.09345980749630993,-45.668183173231824,0.06436994631494034,5.48525243808766,0.4001852149891509,7.392511844982231,0.05057748932824703,10.966898,11.391044,10.415396000000001,135.27201862770957,19771.641757660553,5.606119975560922e-06,61.0089847669308,11.02253699819589,140.8781386032705,0.04998265550904898,32.04834731157088,32.51437466279521,0.09626740461968154
6.443884174736077e+16,55.749064504058225,0.03244976976738576,22.424073684219078,0.017380980681371002,21.41760023491901,0.06842781228857124,-44.40155940270378,0.03996799726717105,10.988620958902324,3.568317446800345,7.396774003782867,0.035714930137815834,13.369599,14.199322,12.486036,135.19407237379144,27999.494781068486,1.1230755221731738e-05,61.69839790264684,10.090307183468026,146.42482759552317,0.049297181229910454,31.590614896476826,33.44722320486307,0.06733280478602312
6.52750890607191e+16,56.18336553542968,0.045330363685538916,24.23100970764245,0.030612933949912807,21.470965107857076,0.08992170262771618,-46.438726631850464,0.0711157262927832,6.062058861398875,0.6447536109652956,7.397034567755773,0.049589549579660594,11.190211,11.638392,10.6182995,135.189310099898,20165.539079833772,6.1956363284098e-06,62.147522509834424,11.331363421017318,141.38494642830779,0.05116207261097378,32.78451951990697,33.34026511277656,0.08715949146015275
6.957531339579558e+16,53.251649288534935,0.05214988779798753,25.99584709099842,0.04180485226272399,21.501224227510107,0.10393250696721383,-45.69025784969904,0.0979532007289248,1.9320771863783504,1.2452719778393853,7.39725499404698,0.06326209646677075,12.632732,13.308410999999998,11.856773,135.18528167607587,15807.253566521673,1.9746505071801974e-06,59.224211573954406,13.304108799415355,137.15993218325607,0.05049655736437537,32.35709490882248,32.414726794971905,0.10471764099345703
6.519997867275827e+16,56.657093721311426,0.04575149721830639,23.787516117590734,0.027374833777807403,20.009693524328824,0.08863030487886568,-47.311235511552496,0.06311068605467082,7.0145965673812185,0.4559410030022752,7.399871170697113,0.05117287990530059,10.038034,10.429997,9.521339999999999,135.13748779301977,19541.60097791209,7.169163202743464e-06,62.21534192251388,10.645506253270595,142.30665099576325,0.051368675674647805,32.90429212633071,33.643677048414695,0.090052448337192
6.681629512570214e+16,56.89040947426911,0.03409448976964298,24.684003206126466,0.020164141525259062,19.69358673313437,0.07569212019740221,-46.22745070079538,0.04707846822029579,7.2713005620498565,2.157730189980234,7.401604153824412,0.0363295006501148,12.555491,13.210739000000002,11.790611,135.10584722141613,27525.839389615725,7.431523669934626e-06,62.3608502334731,11.843044678127749,142.53737089135075,0.05024753284202075,32.17860624822987,32.98991530668554,0.07913077440052606
6.686305873096653e+16,57.91861227574485,0.06689779692583897,24.98296932289007,0.02382863362409933,18.132698439639512,0.1397835623654097,-46.641652798687495,0.0716469057304979,3.400605921513561,0.9003835216983809,7.403034095994598,0.07062452278812842,10.697075,11.088582,10.172478,135.07975068506693,14159.387710129695,3.4755382729941125e-06,62.95547295342249,12.02695465658799,138.55528895806103,0.05004236733505139,32.041027785685976,32.2209804660959,0.15707648041892372
6.511916456741786e+16,55.21027404174425,0.04920777699003573,23.418245859338874,0.028940926815029768,21.74679132159064,0.08324515294374098,-45.46526487942878,0.06618690790194713,4.862797917600968,0.2823497545456706,7.403971523089829,0.05422335889036156,10.659182000000001,11.042025,10.140772,135.06264805063427,18442.236343601988,4.969949669715306e-06,61.25104940885276,10.789005615053101,140.03259772034957,0.05039854405973877,32.26499428018714,32.62938337584597,0.08126027074199577
6.573244724119974e+16,58.98355878386811,0.04912259271976262,23.567069668724322,0.01966525343510475,19.25131973473396,0.08931531219151863,-45.964448035109356,0.05054989998999067,4.711231157913756,1.5649833441869296,7.406695690898775,0.05296048927805215,12.27215,12.868879,11.550869,135.0129722797689,18882.000782693285,4.815043136478385e-06,64.331147599072,10.7991674367495,139.82801541624727,0.04983315958978746,31.891302993025956,32.2374146856767,0.09567934468736262
6.521440976292672e+16,56.45401897528978,0.02441590222936404,23.852692666007233,0.013515424460546668,21.24525931210404,0.04900524823041297,-45.311460381583146,0.032427261786312486,5.282060183571743,2.392753568921248,7.408138715297508,0.02585431464312545,13.575575,14.442625,12.662985,134.9866732294092,38678.26371742156,5.398450379716746e-06,62.35547989531868,11.266175893345247,140.38512360912594,0.050044874714103564,32.02055405023886,32.45329014856802,0.04825892277279121
6.981194891440717e+16,56.16991930196414,0.05141463773986981,24.818340237379328,0.029316117976060003,20.08905091814514,0.12653584432012951,-45.5411756767418,0.07118595547320354,4.303103660926709,0.5494220210865249,7.408644202933376,0.055462727435135785,9.712552,10.004615,9.290267,134.97746316445597,18030.126649821,4.397922550095229e-06,61.75021122367113,12.168013660506604,139.3753857145512,0.049775181052525444,31.84582114168134,32.1352302824274,0.13038228762841236
6.500471227947571e+16,56.72404120206018,0.04082794880189905,23.583360163209488,0.02357531491722893,21.081106844109932,0.08911477576869843,-45.29890576219621,0.054235903570963404,6.281353536911749,0.7722901181517569,7.410569251115423,0.043363201444642126,10.383268,10.725969000000001,9.903317999999999,134.94239998492452,23061.02793809192,6.419763162097599e-06,62.57990421431294,11.000330784821651,141.36216314702213,0.04996402634921561,31.958339078962787,32.569784140237005,0.08793365013911862
6.990657133696461e+16,56.021337279746675,0.038476665952763764,25.48363666323503,0.021844415615561486,20.831149456615613,0.07293486538091568,-45.58487473405582,0.04867427191601487,6.382732073714878,1.1469398795718628,7.412893360269653,0.04134793792870512,12.192160000000001,12.770113,11.491081,134.9000925009427,24185.002931083694,6.523375574959185e-06,61.80776768436212,12.821171459330632,141.42346807590187,0.05011903423055374,32.04743555682057,32.676863290306734,0.0730349334123523
6.50204146798793e+16,56.96895124928979,0.048092540622823664,23.941030473155962,0.02605431927391031,19.84194818654829,0.0963369283417524,-46.45983430240415,0.05599169883009236,5.349108468083365,0.6082872147327838,7.4153874967925475,0.05424527339221388,9.75268,10.04718,9.33362,134.85471938351705,18434.78588022999,5.466976073177582e-06,62.48060352333098,11.035520944710363,140.32169545669464,0.05051949238902263,32.29263393552183,32.732662096091985,0.09902222863558248
6.522561103755136e+16,56.66398644615473,0.0438094829162553,24.10300108814832,0.026486203050808264,20.645826543506484,0.09240010157800556,-46.91543975097165,0.06335553894704117,4.207332520587219,1.1544837610623728,7.418396935580118,0.04828380308390904,9.191837,9.449069,8.818689,134.80001254769743,20710.87893101896,4.300041092678358e-06,62.39893826379542,11.070934490656196,139.1000536403758,0.05125727890447958,32.75094391915736,33.0200844113788,0.09120234537630753
6.505295335160346e+16,55.38534152106508,0.04035735337213064,23.161526200176286,0.027492540933362425,21.65196297244249,0.08683933970259544,-45.967360979921494,0.06250368009011749,5.700733758001405,2.522353955620171,7.422707337517013,0.046056251348495635,12.425606,13.057919,11.680112,134.72173353051966,21712.579090149153,5.826349426358967e-06,61.399775680076885,10.39281481686476,140.54808295687863,0.050811472877869135,32.44724202229773,32.94422377645557,0.08334572393364074
6.529542572842253e+16,56.23507506659182,0.05755033643366547,24.432411145017102,0.03237094249096912,19.799939631601898,0.10155205690617272,-46.12311114445926,0.0698684736774117,3.9757752650071603,0.9518274013407138,7.422778447756323,0.06527488550206784,10.273763,10.624655,9.786206,134.7204428959171,15319.827714876972,4.063381472971593e-06,61.735058297592346,11.620435827111754,138.7838243688887,0.05019341581382185,32.05225545017183,32.29789263095833,0.10654650558218205
6.981163967676954e+16,56.08380189550965,0.04980770585465752,24.795967541491933,0.026489921505264132,19.805332136928502,0.104930944065701,-46.52674758697796,0.06462945858379987,3.8939714465888073,3.0986250586978388,7.424900457522267,0.051266107993134906,10.467336999999999,10.8378315,9.959982,134.68194027933217,19506.064320972266,3.979775107414392e-06,61.58528304465646,11.871870989553612,138.66171538674655,0.050566682925384895,32.28138591723411,32.515394667207254,0.10831612633778477
6.81297648428896e+16,55.14330170778478,0.049048339659439534,23.682412313515787,0.026206603019597683,20.584664055348398,0.10014983479674608,-45.5973313411202,0.061630221361404225,4.888961002529534,0.5897969654180971,7.426635788999271,0.052553005537602025,10.69776,11.0888605,10.170575999999999,134.65047006630556,19028.40741020023,4.996689258220272e-06,60.86126394538156,11.016486940982396,139.64715932452583,0.05002844210749976,31.93031438821944,32.30242895843574,0.10093302511906668
6.354727096057434e+16,56.00276928022825,0.03723069804087808,21.28187871427448,0.022894557133787845,20.20943385653948,0.08791556527583974,-45.90991569537514,0.05017223797877896,10.580960665594134,3.0346997371944284,7.4293906079399274,0.039619090500715895,12.437305,13.065422,11.690425,134.60054165563477,25240.357296488935,1.0814112133860501e-05,61.616500907044774,8.529124354448053,145.41465378949528,0.05016115604686855,32.00314698867149,33.70694506752819,0.0894196505335601
6.983486685984819e+16,56.325700065578076,0.026860544974978636,25.09934751115023,0.01684736271977037,20.827288746331227,0.05400638638197043,-46.30912412194984,0.0379425941023906,7.026819509251496,4.966055567604098,7.43326437794405,0.02932068835355396,13.571771,14.442313,12.667987,134.5303959545951,34105.61129881489,7.1816554771378524e-06,62.11105805067008,12.235701921719718,141.71205143173296,0.05077707094216062,32.37922183690868,33.13291715468683,0.0535561203311453
6.155465094943821e+16,53.27436936178522,0.0388788463121792,22.134053638090855,0.029705711320140892,22.24852611350009,0.08522735620724238,-45.90228473559614,0.06848981708841935,6.446643695666692,0.9839690629078132,7.433992835519158,0.04264144450613625,11.1998415,11.642237,10.626649,134.51721330992706,23451.363141698836,6.588695489500708e-06,59.45451550442414,9.383418989314148,141.10590879942777,0.051009966263180745,32.524545750465656,33.15728111912997,0.08059260670914446
6.512586471637926e+16,55.21372985883543,0.04230317793281961,23.598225515322905,0.027459224116244324,21.34153669345268,0.08078307948212976,-45.615427534316424,0.06064702059525125,4.895434793609131,0.92104326200398,7.438521088899847,0.04708482675258067,12.457087,13.090909,11.713939,134.43532498580296,21238.26440425824,5.003305699286309e-06,61.141934495905616,10.927273422457231,139.43863068508927,0.05036098110220312,32.091197641512366,32.462443652397575,0.07966393423577196
7.046268800092288e+16,56.99008216854044,0.057371496819212685,26.629059263019272,0.022459299780031448,19.861914385137336,0.11225383313872464,-47.404232313471525,0.05227216739738542,4.616279769970859,0.6522997914143964,7.44227415806738,0.05209843988017684,11.465447,11.95074,10.858203999999999,134.36753051028174,19194.432737332205,4.717999494702167e-06,62.50728060885636,13.461216953721626,139.0855300049839,0.051397051318846136,32.73488964219975,33.05878156861863,0.112035208266877
6.831760953299648e+16,55.762359534019204,0.04798512055587206,24.66956453669538,0.024628630804664237,19.584047081775754,0.1047162030435973,-46.177625584354715,0.05680784833938194,5.512555925348541,0.6370871840467633,7.44252267431834,0.05219406804684088,11.690341,12.196871,11.055732,134.3630437903355,19159.26536139247,5.634025095163596e-06,61.20237261229025,11.84244631881907,139.9970688854991,0.050158827784449474,31.9451957491102,32.41733801963177,0.10938670360318441
6.981438845581696e+16,56.20917049772812,0.0385289299939655,24.910916904611632,0.02016517672337924,20.313904053377264,0.08118813804043745,-48.02843790673645,0.045905924224746014,4.047773447653833,3.6763935013854474,7.445933005755683,0.04232910638249274,12.989554,13.732704,12.167899,134.30150381785643,23624.406122913068,4.136966135572886e-06,61.85192162366624,11.569684152740397,138.43846995342932,0.05214772809673549,33.19667676132148,33.44254502694424,0.07880266640048629
5.174247174529677e+16,58.61605650386417,0.037991899499732855,21.389542225566572,0.016187760565330413,19.19928564130284,0.07939763381081692,-47.19250332670222,0.0443834601037428,7.493041498794093,0.5728137108524859,7.454439666397643,0.03798107083681356,10.756516,11.1548395,10.23073,134.14824517363755,26328.904845693272,7.658150668220022e-06,63.94919140422607,8.280513523704844,141.80639584185758,0.050948453748638316,32.39622045063091,33.25147771736659,0.08324178240764381
6.497973274968602e+16,56.756007145002926,0.03909738439474854,23.494747672339567,0.0248694854540549,19.218190239926678,0.0845449195047728,-44.966327348693206,0.056659413712770376,4.859686506558443,1.1806558220094463,7.460507829982147,0.0438384288917076,11.268925,11.724922,10.702532000000001,134.0391328297008,22811.036464611036,4.966769698730459e-06,62.09439332276034,11.004101186591454,139.00590252843125,0.04890101666967516,31.069040378557574,31.44680942458976,0.09357903323454232
6.683210060515942e+16,57.07380760742749,0.05299774223967707,25.047647139407488,0.02388169292278385,19.728442722312664,0.09513978334759972,-46.95033190159932,0.05499563584401022,5.334843983685136,0.367084693975576,7.4622563697849955,0.05558033665162883,10.740428999999999,11.141929,10.213722,134.00772506946345,17991.97450472251,5.452397270865638e-06,62.553930585847674,12.005888277852122,139.4601223403291,0.05092686047576373,32.348569479940714,32.78552283750883,0.09744736633402298
6.586442729336486e+16,58.99342927971496,0.057119001566067765,24.54973976523356,0.01991213339375056,18.748697063284787,0.09257300557778857,-46.92747714246454,0.04978145046820937,6.5007584865419545,1.6807733566469698,7.478774652381746,0.06026465593991617,12.320892,12.937677,11.587716,133.71174376560904,16593.473975807636,6.644002699792907e-06,64.20140068618295,11.514329447882298,140.35574646540195,0.05053416421122799,32.0282331658352,32.68130322715808,0.09993715528512118
6.507243532329587e+16,56.046830488228466,0.04992551081192277,23.37912579554259,0.0276746778146793,21.989133577245006,0.10539270460925404,-46.66200311098008,0.06381037775536863,5.969065804445036,1.0738801055156866,7.479148239303099,0.05081018428333184,11.192917,11.654707,10.60557,133.70506480202874,19681.093743406236,6.100594169445983e-06,62.1549231485743,10.417458264714789,139.8056589714747,0.05158356840901023,32.691705851452866,33.2321738388525,0.09662404932595695
6.417203838070822e+16,57.58886081658227,0.04080298748555502,23.09615125837686,0.01870237787992817,19.650269667227892,0.08326714370294004,-46.396877769086544,0.05004176195787946,7.669897600021585,0.5395793407968177,7.480336613350446,0.04340693477968828,11.165422999999999,11.622686999999999,10.582668,133.6838235615308,23037.79350178712,7.83890379363806e-06,63.04726905747891,10.208129655852819,141.52272735516885,0.05038653951914473,31.928001327439322,32.836330458194986,0.08678040460496511
6.647122027493427e+16,57.98702363670818,0.05660407596171036,23.90175911616948,0.01946576079405249,20.720128515847108,0.09578690471174817,-45.978999049336565,0.05239166200656567,5.77602148573126,0.3812111006205418,7.487040599101898,0.06015529602695883,9.921573,10.235794,9.475083,133.5641214660909,16623.64024527194,5.903296119169348e-06,63.74261489111016,11.12981493579821,139.46741758526025,0.05043205408559236,31.928227608967767,32.446481202954516,0.09440923188833798
6.649915474197722e+16,57.369854572406844,0.04424841332315582,23.711986199086525,0.01999862852735941,20.027983191226927,0.09437212316424416,-47.28029363966236,0.05375650932459986,5.19026604987865,0.6533702669418543,7.491162784606629,0.0452843344667476,11.159633,11.617389999999999,10.603442,133.49062472048675,22082.691769143752,5.3046335622877265e-06,62.933183236636545,10.578571299180313,138.79525828277448,0.05134731032255502,32.48978268487745,32.90174525126419,0.09440114172541937
6.477024142410803e+16,56.17434663376087,0.0458777447429406,22.4643522920447,0.027568086958195643,21.87314945211071,0.10437009184843174,-45.321890910652435,0.06108818467935999,5.600512689338042,0.7379928943124227,7.4986539396732415,0.051494363033265225,10.582303999999999,10.971271,10.052906,133.35726759029177,19419.60131352635,5.723919986447606e-06,62.2502214815694,9.874938150196803,139.08118757673938,0.05032403464222091,31.810499073987337,32.299746031812475,0.0985280070931485
6.522275917918925e+16,56.39757956546968,0.17152698557137666,24.083017374039017,0.040216527712666164,18.63058458857527,0.10856632319397684,-44.978247225772314,0.06596029063446338,3.7857756188597267,3.123159541960593,7.503006634693023,0.196248806470708,9.981662,10.333224000000001,9.498418,133.27990346911295,5095.57239090399,3.869195184621301e-06,61.57274195118503,11.589059811324486,137.14909865373426,0.04868409807744982,30.75602036923343,30.988141054104137,0.12342864117462976
1.1807879138628992e+17,52.04627261490407,0.03631760404939608,27.30702902166883,0.02541490683375909,22.362213861548337,0.07973020041566233,-46.85665500746765,0.06135179983170656,3.0975679910610143,0.5264711525605347,7.504324187304276,0.04098269503107056,10.597353,10.978616,10.077551,133.25650318942616,24400.542698372115,3.1658229017440437e-06,58.25799868755639,14.291291519594482,136.4223260911702,0.05191930977274705,32.7940960678599,32.94006169343448,0.07315618553249562
6.512047023746048e+16,55.34579823814665,0.04313613396812896,23.486741126862267,0.027759331453671696,21.736262938700662,0.08615448010394951,-45.370918322136156,0.06740840027523423,5.90002005014309,1.3055240258520826,7.515350003301166,0.048551960510834116,9.06211,9.308297999999999,8.702161,133.06100175783476,20596.490635570837,6.030026991947993e-06,61.38364905445239,10.883708259602223,139.09102874978277,0.050308899371127994,31.730283075891307,32.274155305263754,0.08413883004040988
6.994581445487168e+16,56.17998816944304,0.0791512127381236,25.8753288073806,0.037729134119392035,19.47013604144268,0.15443926348846346,-45.77547965802135,0.08665343756586892,1.6631729726796929,0.5588174413289051,7.516415477271048,0.07641089551556847,11.439413,11.922674,10.807705,133.04213997003072,13087.13885961791,1.69982098913269e-06,61.58835929206601,13.159917791263561,134.7419609591634,0.04974415277592143,31.369644862084428,31.413703428764208,0.1639361949284711
6.680059272515085e+16,56.54907599667182,0.051346425510267565,24.622125279688102,0.03110419970067585,21.080303408840336,0.12414506548163612,-44.60968094281858,0.07525398304466173,7.6490642532237265,0.7857509241105904,7.528025263415855,0.05622335302451885,11.404611000000001,11.868744,10.805536,132.8369612227162,17786.203529410683,7.817611384043511e-06,62.4047158324608,12.230547240016277,140.65457260675973,0.04933966787108357,31.066583536253592,31.994386954041918,0.12415971021229859
6.524770434926758e+16,56.054519688708545,0.04563523826350141,24.03062221489341,0.0268101138738921,21.397833703252203,0.09082754092375836,-45.911459677254676,0.06282568647927332,4.9261368536303785,0.7495938249302605,7.5283118504255935,0.04979666343758141,11.164752,11.610732,10.58789,132.83190439878862,20081.66674165769,5.034684279200124e-06,61.99836238405638,11.277438971211554,137.86658867798874,0.0506530296911075,31.892324003857038,32.270530746606745,0.08804666173010273
6.516197680215168e+16,56.245743401953156,0.029243150117226425,23.388735475348106,0.015744291172526098,19.932638056532774,0.06359032638741785,-47.01325634055961,0.03727339288647324,2.967432105711445,4.061577857596551,7.538889452366325,0.03226253895096783,13.387123999999998,14.220557000000001,12.492962,132.64553172166725,30995.700664469907,3.032819472160797e-06,61.782587306545594,10.329497602970438,135.67835119382806,0.051064237305925825,32.106119390584105,32.24296133459902,0.06437578333727871
6.983830283369216e+16,56.15605129873356,0.04381256673910181,25.13759096332485,0.025241081586211682,22.09928553608684,0.08870189275179023,-46.678345463958465,0.05955668365820226,6.814513372972477,1.3691205758347371,7.565130093731612,0.04917861796107667,12.802538,13.514833,11.998975,132.18543337788594,20334.04030978399,6.964671175145926e-06,62.294741725424345,12.171383890003055,139.15010455303187,0.05164539046670234,32.35888184064503,33.068638110561004,0.08155036270461685
7.012500049102413e+16,55.95431391466964,0.05259988895977896,25.729417749558287,0.028489186561704214,21.3447631484995,0.10113194862271772,-47.6859168418273,0.06742343820621498,4.827075476006321,2.499079323457715,7.567568944275074,0.05992264244563459,11.738894,12.257423,11.093175,132.14283310316029,16688.182616567017,4.9334400841201205e-06,61.88341478925283,12.483329737939592,137.0762731872804,0.05224505315253503,32.724056267813566,33.078157691595976,0.09464034667884241
6.680265430945971e+16,56.41749370033558,0.0569207102187222,24.627038608465142,0.029082674935421826,18.187366084408236,0.13646100932364005,-43.8170038310597,0.06867037961927137,6.678700909004355,2.0077398668492394,7.568906833789589,0.06131131587896434,9.586492999999999,9.892756,9.146436,132.11947536938058,16310.20286653309,6.825866083534267e-06,61.46953983489342,12.455648655393002,138.94534145291485,0.04744164952675427,29.710158110669454,30.451576983678752,0.16156678182257533
6.985723504958874e+16,56.811774069651726,0.0543105918466426,25.371632413953808,0.028663805352061582,19.693187526118862,0.10432675739429774,-45.98183850939972,0.06764497518681349,5.386970855785618,0.7657349880840437,7.572139959092714,0.057485781718320514,11.430553,11.913791,10.815692,132.06306346717594,17395.605836935214,5.505672758592855e-06,62.282103938018075,12.598899494676107,137.5687362257688,0.050021506451159575,31.312408626808548,31.77241553633148,0.1099142419466551
6.761828577761766e+16,53.88215822024771,0.0430717228117582,22.82338965958921,0.027924960620375687,21.133501435968824,0.0936870917467144,-45.519961099668045,0.06475567904243135,5.71506146833681,0.4460557803942347,7.575025405342632,0.048249762473543734,9.729503,10.021291,9.311025,132.0127585703811,20725.490629064116,5.840992847791611e-06,59.752575285794606,10.17895602079253,137.8537514181727,0.05018656933343211,31.40376776461891,31.919563866083536,0.09276919573089205
6.35473783354432e+16,55.81129975933051,0.04535478559840278,21.152586367639167,0.024500774224931528,21.736487181585414,0.10741468356814084,-46.963501035817096,0.05763270142045484,5.650961175398662,1.338565043675168,7.596760127238608,0.04786327976350937,12.306875,12.922238,11.575071000000001,131.63506327051766,20892.843218036076,5.775480104898572e-06,61.84921286532646,8.107169413245527,137.41054337541624,0.051749833859988575,32.28931918184829,32.78007772158478,0.09839203585879257
6.68088691243936e+16,56.65747999203077,0.04744479755131897,24.74748434712627,0.03841004403591804,20.451877439988184,0.1180688095921268,-47.513834248681,0.09597642796759567,6.56374494145042,0.6631384135603854,7.6036233236989546,0.058428282135980385,11.588625,12.082439,10.964858999999999,131.5162465877554,17114.999165518777,6.70837706123528e-06,62.33855705869416,11.549197055825994,138.22462364899067,0.0517285582230109,32.246911181522314,32.90814532004812,0.11823637514071839
6.391643198920026e+16,56.89244050829489,0.043156151957338636,21.746612705894517,0.024326469842074424,19.298507791310467,0.09578450647503348,-46.11765036997133,0.05574809229250431,6.564860441361383,3.2298647891574235,7.613066035381761,0.0452067302969033,11.994224,12.551605,11.315380000000001,131.353123085035,22120.600039691453,6.709517141186782e-06,62.25313711699224,8.93615426979137,138.0626402262218,0.04999270025331885,31.126145248108124,31.810914960448333,0.10218284923939247
6.528927963259776e+16,55.961363374887895,0.04324695417579743,24.247298888080177,0.026942342568917768,21.71123195187009,0.09490034213779408,-44.67431707852118,0.061597564425002686,5.4649792441084095,0.7464222990206609,7.623618789333137,0.04860122745979016,11.105286,11.546594,10.533862,131.17130166571107,20575.612021884466,5.585400061752338e-06,61.992261139296254,11.83776636626874,136.7567017274634,0.04967063719442458,30.882816521596705,31.362626714692475,0.09227459992322719
6.988341717017549e+16,55.95181639743277,0.086619084035748,25.189867897145785,0.05479962562096883,20.160546725440486,0.17943817378329546,-46.70664442590282,0.12753573579082644,6.5150022505258525,3.4285022369632316,7.641885582227047,0.09276688075258127,10.6272955,11.088061,10.031868,130.85775614407638,10779.709222595313,6.65856032511619e-06,61.55196826561068,12.215800001061668,137.51631646919256,0.0508719792989853,31.55414711233059,32.21970599355242,0.18300643256495192
6.503034464385178e+16,55.74682538936047,0.043204777020988315,22.900712316570488,0.028435722684952563,20.417352835110837,0.0997481394256794,-44.51609673204995,0.07215449336620393,6.595994635021571,1.802721172922364,7.645259722932208,0.04469619534260344,11.823902,12.357236,11.165632,130.80000369385323,22373.268962488666,6.741337376804271e-06,61.41831228800237,10.535129891001057,137.5413410706575,0.0489750055135335,30.364112475843392,31.072278186043935,0.10510096383462368
5.097607777966669e+16,57.0431161750425,0.03801742048490085,19.30230859505191,0.022223616914041816,21.057506430698346,0.08656063738092773,-46.628871849703124,0.05205817857500015,7.792545353117425,1.8125323867464544,7.646097792560963,0.03958951418577885,12.729138,13.437214,11.930278,130.78566703304782,25259.213722789635,7.964254089973368e-06,62.89242351690315,6.349844192356597,138.74992112302118,0.051163172957264275,31.71728199100183,32.66052265315301,0.08325500253877716
6.533009900234522e+16,59.024304523388004,0.03982251851181825,22.439271339776077,0.019413416567802974,20.50039285728177,0.07884962689531011,-47.37064383422222,0.0526450861986425,6.252999209138277,1.0655645189692218,7.672796973592112,0.04394856265340229,12.866541,13.619309,12.026753,130.3305696008581,22753.872700830747,6.39078404671164e-06,64.71885809485516,9.28075916360324,136.72135364756974,0.05161631529440692,31.886851084103128,32.49417288021427,0.0775644007010139
6.982960981991565e+16,56.017790698518866,0.05978216781610491,24.9896235104989,0.035093634642306484,20.438770525644838,0.14603202927097467,-49.704402952776384,0.08516504379989133,5.335257019272916,0.6318455636059611,7.675576054490253,0.06600755705974963,10.568230999999999,10.9333515,10.061542,130.28338106492927,15149.780487934226,5.452819407692595e-06,61.69522695564243,11.18284491250546,135.73620047262187,0.05374263683047134,33.18840133535122,33.614505063410405,0.13671516891951327
4.980949594306829e+16,59.457283879376575,0.04406383194579366,18.56218816461745,0.019177659570776582,20.279658251275823,0.08548464325032888,-47.18052549934031,0.046685087875393716,8.910763154784043,0.3767637877259387,7.6940133213006305,0.04780576917161517,11.195217999999999,11.656753,10.6163025,129.97118126004955,20917.977418377217,9.107111820899709e-06,65.09052228250874,5.456486637022918,139.07829308094927,0.05135432333487066,31.637518995890982,32.86843939428855,0.08431365291987973
6.658433253000051e+16,58.53724009607239,0.06131085250615589,24.33349562832875,0.029498638062654167,17.346297285449516,0.10601939362677912,-46.30463299989045,0.08318838485182402,6.8273603777133935,1.821499525717888,7.694849310666973,0.07111400296074417,12.184739,12.748211,11.384087,129.95706083727353,14061.928148694044,6.9778012636363085e-06,63.35565600869725,11.471097572803622,136.93486210090984,0.04944707338932949,30.459222578993735,31.215013853013946,0.12883475716391843
6.987650656590963e+16,55.86099629113457,0.09680134597720064,24.99413885271326,0.05794128258857303,19.168655842645308,0.23818329880567826,-44.696433024085295,0.14463944804690798,6.444900337945702,1.4688914400375657,7.702988728295296,0.09751805731565268,12.223905,12.818164,11.446963,129.81974078797649,10254.5110877582,6.586913716892336e-06,61.185622914091596,12.578463012689564,136.4066545048688,0.04863340921517144,29.92635297947894,30.612470384116676,0.26401884783415386
6.431799854764134e+16,55.600075992696816,0.04130676265329982,21.473284165084635,0.026402671936673405,20.920424603786138,0.08485801830779488,-47.98158121826494,0.05858102466677936,6.627978206778026,1.0046638458494197,7.719459556306045,0.04608339654710261,9.706455,10.001363000000001,9.283285000000001,129.54274748199148,21699.78940197872,6.77402570656438e-06,61.411305049304076,8.14506716001104,136.31677318855586,0.05234401877777112,32.14093515185955,32.817218156717146,0.08092593674158878
6.86208685837879e+16,54.72052247313647,0.02478264240411286,25.23625357210771,0.014741765715386141,22.056452985602274,0.0511336128973442,-47.40525428728483,0.03260847074449981,8.178727444419293,3.022073027333432,7.733110454867668,0.025202579340210658,13.519494,14.397479,12.602115,129.31407172265878,39678.478400998516,8.358945703657071e-06,60.8473149691371,12.068127381195255,137.67301742631585,0.05228522977235752,32.048163616358906,33.07531366126417,0.04625020485632289
7.12966675685559e+16,54.0353433264626,0.044461008601476656,27.3427705293622,0.027319887842265037,22.036466185357014,0.09116520917521108,-47.78051982326048,0.060182724419393666,3.276327131605399,2.3629642297753306,7.761086782813913,0.04929446492966715,9.208152,9.526710000000001,8.761088,128.84793431435295,20286.2532624462,3.348520999950324e-06,60.15658393350622,14.070403911789843,132.19645531430328,0.05261733475309606,32.13546938837977,32.302054304405885,0.08218797719946831
7.202334167556736e+16,56.266879673071244,0.039256305720645535,29.407118496428204,0.01582706441930067,22.015838038851033,0.058786180045231826,-49.32062501479759,0.03458436038478885,1.9875844943587848,2.601940202911424,7.780768907915608,0.04181487567096755,13.585722,14.482185999999999,12.660602,128.52200236697306,23914.934193964596,2.0313809186919808e-06,62.382390239418754,15.706944881206649,130.55338328566503,0.054011306005346676,32.90337927976412,32.963356324109746,0.051113647748850806
7.02348829337344e+16,56.221034113325565,0.051334380140369305,26.141803641501593,0.027243945255006653,21.62696908514155,0.09705089888779607,-48.793655160843294,0.06387515937971627,4.801696062673951,0.8049076773570008,7.785746181524732,0.056975479865230286,12.1380205,12.726716,11.432178,128.43984079174845,17551.409876062447,4.907501435414972e-06,62.22852552586488,12.588010541267344,133.34734222716344,0.0533717769590348,32.49299641775399,32.845868861737735,0.08758447257332223
6.151967273581888e+16,52.86820613930777,0.0489954797740351,21.821710461757927,0.033241945423615256,23.950448309760873,0.10678514171610716,-47.11462747816896,0.0829233004207491,3.0922622979768626,0.20940971606813227,7.81761006840641,0.052957209899090175,8.76721,8.998314,8.433598,127.91633136594216,18883.17005192489,3.160400297712783e-06,59.52110844757468,8.734313940044327,131.07673166365493,0.05285273972695418,32.04585341474198,32.194701539207024,0.090693550010621
6.359276754985011e+16,56.29127563033281,0.044532329173325454,21.704386255932487,0.027021148681338692,21.27290920799733,0.09820861080750108,-47.98827419229409,0.06759765997119449,6.557836902259419,0.7707407991509001,7.8282762887187385,0.04659701210744428,9.836271,10.148344,9.396491000000001,127.74204219658054,21460.60347590916,6.702338838400706e-06,62.20041707699874,8.37431009140635,134.44438103498123,0.05249201011703111,31.783769348213795,32.45324666065154,0.09195161050424738
6.768085485971482e+16,53.308003197750686,0.09205971150974587,23.006239338837474,0.050954302707000375,22.721006394799147,0.13236839459771624,-48.51700192423092,0.08695724687143068,5.195142918884594,1.0325509570509182,7.918384735151843,0.1032307415468344,11.691497,12.210415,11.043158,126.28838247284584,9687.036875021511,5.309617893102216e-06,59.61939386297267,9.52929435988444,131.59800036594805,0.05357372123819971,32.06960095557886,32.48767174479731,0.11377376063861003
7.050687462433818e+16,57.588889755700684,0.05706038731485018,27.14417566564002,0.022639167934965117,21.398402336852726,0.09892319832539186,-50.34716609937804,0.06521443598675129,4.291126739627762,0.3949398192907871,7.936133313060707,0.060754010009351885,11.112264,11.583586,10.554409,126.00594780259969,16459.81886374364,4.38568171733546e-06,63.53289040482644,13.158851749146118,130.39162951993515,0.05470583841609766,32.67405723459265,32.95463222166172,0.08775956060725626
6.861000661041498e+16,54.485891270425824,0.07223888644912024,25.01702134363541,0.050123087147179016,21.830066232835694,0.15067117276290798,-49.77885970243534,0.10944831219787787,3.023252527471626,1.7694605327806856,8.062517731389317,0.08179107066212365,13.109901,13.932244,12.176541,124.03073497832568,12226.273502775975,3.0898698969144635e-06,60.54979855732463,11.189560315181147,127.12060487524015,0.05435518986265005,31.955725064131375,32.09841772142698,0.1332668994885541
6.49711771748503e+16,56.541942012551615,0.05525824499821432,23.33979807837593,0.027627147453457283,21.166010806823905,0.11576335024976578,-49.8983009643221,0.06538610654677861,6.0417145866064175,0.631511679159645,8.131807477293217,0.05873589802797481,9.992063499999999,10.330557,9.524199000000001,122.97389021965184,17025.363254405656,6.1748437675222905e-06,62.42138945889159,9.479158921619792,129.14873398717413,0.05420184916218868,31.594054058236583,32.16654421881201,0.10376198189721147
5.167492049953318e+16,58.883175832922255,0.039242096444378614,21.079276143467254,0.017714029527558985,21.816534762301345,0.0748038346702537,-50.50329613072782,0.04392366719695425,6.945207904366032,0.339377166465017,8.13952553564541,0.04286712860066201,10.865082000000001,11.299685,10.316596,122.85728395601215,23327.89791720635,7.098245560538738e-06,64.94332437800597,7.050582773820636,129.95552951655088,0.05501403556459652,32.03706744750823,32.7812385896424,0.0642990852563337
